emg1,emg2,emg3,emg4,emg5,output
152,152,150,150,150,allclose
148,148,146,146,144,allclose
142,140,140,138,136,allclose
136,136,134,132,132,allclose
128,128,128,128,128,allclose
130,126,128,128,128,allclose
130,130,130,130,132,allclose
132,132,134,134,134,allclose
134,132,132,132,132,allclose
132,132,132,130,130,allclose
130,128,128,126,126,allclose
124,124,122,120,120,allclose
118,116,116,114,114,allclose
114,114,112,112,112,allclose
112,112,112,112,112,allclose
112,110,110,106,108,allclose
104,104,104,104,104,allclose
106,106,108,108,108,allclose
106,106,104,102,104,allclose
104,104,106,104,104,allclose
102,100,100,100,100,allclose
100,100,102,104,106,allclose
108,106,108,110,110,allclose
112,114,114,114,114,allclose
114,114,116,118,118,allclose
120,120,122,122,122,allclose
122,124,124,124,122,allclose
124,124,124,124,124,allclose
124,124,126,126,126,allclose
126,126,126,126,126,allclose
124,122,122,120,122,allclose
122,120,120,120,118,allclose
120,120,122,120,122,allclose
120,120,120,118,118,allclose
116,114,114,112,112,allclose
110,110,112,112,114,allclose
114,114,116,116,116,allclose
118,118,120,118,120,allclose
120,120,120,120,120,allclose
120,120,122,120,120,allclose
120,120,120,122,120,allclose
120,120,120,120,122,allclose
120,120,120,118,118,allclose
118,118,118,118,118,allclose
118,118,116,114,112,allclose
110,110,110,108,110,allclose
110,108,108,108,108,allclose
106,104,102,100,102,allclose
100,98,98,96,94,allclose
94,94,92,92,92,allclose
90,88,88,86,86,allclose
88,86,86,86,86,allclose
86,86,88,88,90,allclose
92,92,94,94,94,allclose
94,94,94,94,94,allclose
94,96,96,96,96,allclose
98,96,98,98,96,allclose
98,100,100,100,100,allclose
100,100,100,100,100,allclose
98,98,98,98,98,allclose
98,100,100,100,100,allclose
100,100,100,100,100,allclose
100,100,102,102,102,allclose
100,100,98,100,98,allclose
98,98,98,98,98,allclose
98,98,98,98,98,allclose
98,98,98,98,98,allclose
98,98,98,98,98,allclose
98,96,96,94,94,allclose
92,92,94,92,92,allclose
92,94,94,94,94,allclose
94,94,94,94,94,allclose
94,96,96,98,98,allclose
100,100,100,100,100,allclose
100,100,102,104,104,allclose
106,106,106,108,106,allclose
106,106,106,104,106,allclose
106,106,108,108,108,allclose
106,106,104,102,104,allclose
102,102,102,102,102,allclose
102,102,102,102,102,allclose
100,102,102,100,100,allclose
100,98,98,98,98,allclose
100,98,102,102,102,allclose
102,102,102,102,102,allclose
104,104,108,108,108,allclose
110,108,110,110,110,allclose
110,110,108,108,108,allclose
106,106,106,106,108,allclose
108,108,108,108,108,allclose
108,108,108,108,108,allclose
110,110,110,110,110,allclose
112,112,112,112,112,allclose
112,112,112,112,112,allclose
112,112,112,112,112,allclose
114,114,116,116,118,allclose
118,116,116,116,118,allclose
118,118,118,118,116,allclose
116,116,116,116,114,allclose
114,114,114,114,114,allclose
112,112,112,112,112,allclose
114,114,116,118,120,allclose
120,122,120,122,122,allclose
124,124,128,130,132,allclose
132,134,132,134,134,allclose
134,134,134,136,136,allclose
136,136,134,134,134,allclose
134,134,136,136,138,allclose
140,138,138,136,136,allclose
134,134,134,132,134,allclose
134,134,134,132,134,allclose
132,134,134,132,134,allclose
134,132,134,136,136,allclose
136,136,136,136,136,allclose
138,138,138,138,138,allclose
138,138,138,140,138,allclose
140,140,140,140,140,allclose
140,138,140,138,140,allclose
140,142,142,142,142,allclose
142,142,142,142,142,allclose
142,142,142,140,140,allclose
138,140,138,140,140,allclose
140,140,138,138,136,allclose
136,136,138,136,138,allclose
136,136,136,136,136,allclose
136,136,136,136,136,allclose
134,132,132,130,130,allclose
128,128,128,130,130,allclose
132,130,130,126,126,allclose
124,122,124,122,124,allclose
126,124,124,126,126,allclose
126,126,128,128,128,allclose
128,128,128,126,126,allclose
124,124,122,120,120,allclose
120,120,120,120,122,allclose
124,124,124,124,124,allclose
124,124,122,120,118,allclose
118,118,118,118,118,allclose
118,116,118,116,118,allclose
118,118,118,116,114,allclose
112,114,112,112,112,allclose
110,110,110,108,108,allclose
106,106,106,106,106,allclose
106,106,108,108,108,allclose
108,110,110,110,110,allclose
110,110,110,112,112,allclose
114,114,116,116,116,allclose
116,114,114,116,116,allclose
116,116,116,116,116,allclose
116,116,118,118,118,allclose
118,118,118,118,118,allclose
118,116,116,116,116,allclose
118,116,116,114,112,allclose
112,108,108,106,106,allclose
104,104,106,104,104,allclose
102,102,100,98,98,allclose
98,96,96,96,96,allclose
94,94,94,94,96,allclose
96,96,98,98,100,allclose
102,100,102,104,104,allclose
104,104,102,100,100,allclose
100,100,100,100,100,allclose
102,102,102,102,102,allclose
102,102,102,102,102,allclose
100,100,98,98,98,allclose
100,102,104,108,108,allclose
112,112,114,116,116,allclose
118,118,118,118,118,allclose
120,120,122,120,120,allclose
120,120,120,118,118,allclose
118,116,116,116,116,allclose
116,116,116,114,114,allclose
112,112,112,112,112,allclose
112,112,110,112,112,allclose
112,114,114,114,116,allclose
116,116,116,116,116,allclose
116,116,116,118,118,allclose
120,122,124,126,128,allclose
132,132,132,134,134,allclose
134,134,136,138,138,allclose
140,140,138,140,140,allclose
140,142,142,142,142,allclose
142,140,140,140,140,allclose
140,140,140,140,140,allclose
138,138,138,138,138,allclose
138,138,138,138,140,allclose
142,142,140,140,140,allclose
140,140,140,140,142,allclose
142,140,142,142,142,allclose
144,144,144,144,144,allclose
144,144,144,142,142,allclose
140,138,136,132,132,allclose
130,128,128,128,128,allclose
126,126,126,124,124,allclose
122,122,122,122,122,allclose
122,122,124,124,126,allclose
128,130,132,130,132,allclose
132,132,132,132,134,allclose
134,136,138,138,140,allclose
140,140,140,140,140,allclose
138,138,138,136,136,allclose
134,136,136,136,136,allclose
136,134,136,136,136,allclose
136,132,134,130,132,allclose
132,134,134,134,134,allclose
134,134,134,132,134,allclose
134,134,134,134,132,allclose
132,132,130,132,132,allclose
132,132,134,134,136,allclose
138,138,138,138,138,allclose
140,138,140,136,138,allclose
136,134,134,134,134,allclose
134,134,134,132,132,allclose
130,130,128,126,126,allclose
124,124,122,120,120,allclose
120,120,120,120,122,allclose
122,122,122,122,124,allclose
124,124,124,124,124,allclose
126,126,128,128,128,allclose
128,128,130,128,130,allclose
130,130,130,128,128,allclose
126,126,126,124,124,allclose
122,122,120,120,120,allclose
120,122,122,122,122,allclose
120,122,120,120,120,allclose
120,120,120,120,118,allclose
118,118,116,118,118,allclose
118,120,118,118,118,allclose
116,114,114,110,112,allclose
108,108,106,106,104,allclose
104,102,102,100,100,allclose
96,96,94,94,94,allclose
92,92,92,92,90,allclose
90,90,90,90,90,allclose
88,88,86,86,88,allclose
88,90,90,90,90,allclose
88,90,90,90,92,allclose
92,90,90,90,90,allclose
90,90,90,92,92,allclose
92,92,94,94,94,allclose
94,96,96,96,96,allclose
96,96,96,94,94,allclose
94,92,92,92,90,allclose
90,90,90,88,88,allclose
88,88,86,88,88,allclose
88,88,88,90,88,allclose
90,90,90,88,88,allclose
88,88,88,88,88,allclose
88,88,88,88,86,allclose
84,84,82,82,82,allclose
82,80,80,80,80,allclose
78,78,78,80,80,allclose
80,80,80,80,78,allclose
80,80,82,84,84,allclose
86,86,86,86,86,allclose
86,86,86,86,86,allclose
86,86,86,88,88,allclose
88,90,90,90,92,allclose
92,92,92,92,92,allclose
92,92,92,90,90,allclose
88,88,86,84,84,allclose
82,82,80,78,78,allclose
76,76,76,74,74,allclose
74,74,74,74,74,allclose
74,74,74,72,74,allclose
72,74,72,74,72,allclose
72,72,72,72,70,allclose
70,70,70,70,70,allclose
70,70,70,70,70,allclose
70,70,70,70,70,allclose
72,70,72,72,72,allclose
74,72,74,74,74,allclose
74,74,74,74,76,allclose
76,74,76,76,76,allclose
78,78,78,80,80,allclose
80,80,78,78,78,allclose
76,76,76,76,76,allclose
76,76,78,78,80,allclose
82,82,82,80,82,allclose
80,82,84,82,84,allclose
84,84,84,86,86,allclose
86,88,88,88,90,allclose
90,92,92,92,90,allclose
92,90,92,92,94,allclose
94,94,94,94,94,allclose
94,96,96,96,98,allclose
96,96,96,96,96,allclose
96,98,98,98,98,allclose
96,96,96,98,98,allclose
100,100,102,102,102,allclose
104,104,104,104,104,allclose
106,104,106,106,108,allclose
108,108,110,110,110,allclose
110,110,110,112,112,allclose
114,114,116,116,118,allclose
118,118,118,118,118,allclose
116,114,114,112,112,allclose
110,110,110,110,112,allclose
112,112,110,110,110,allclose
108,106,106,104,104,allclose
106,104,106,106,108,allclose
108,108,108,108,108,allclose
110,110,110,110,110,allclose
110,108,106,104,104,allclose
104,106,104,102,102,allclose
98,98,96,96,96,allclose
96,94,94,96,94,allclose
96,96,96,96,94,allclose
94,94,94,92,92,allclose
92,92,90,90,90,allclose
90,90,92,92,94,allclose
94,96,96,96,98,allclose
98,98,98,98,98,allclose
98,100,102,102,104,allclose
104,104,104,104,102,allclose
102,102,102,102,100,allclose
100,98,98,98,98,allclose
98,98,98,96,96,allclose
96,94,94,94,94,allclose
94,92,92,90,90,allclose
88,88,88,90,88,allclose
90,90,90,90,90,allclose
92,92,94,94,96,allclose
96,96,96,96,96,allclose
96,96,96,96,96,allclose
96,96,96,96,96,allclose
96,96,96,98,98,allclose
100,100,100,100,100,allclose
100,98,100,100,100,allclose
102,102,102,102,100,allclose
100,100,100,100,100,allclose
100,100,98,98,98,allclose
96,96,96,94,94,allclose
94,94,94,94,94,allclose
96,96,98,100,100,allclose
100,100,100,100,100,allclose
102,100,102,100,100,allclose
98,98,98,98,98,allclose
100,100,100,98,98,allclose
96,96,94,94,94,allclose
92,92,92,90,90,allclose
90,90,90,90,92,allclose
92,90,90,90,90,allclose
90,90,90,92,90,allclose
92,92,92,92,92,allclose
92,92,92,90,90,allclose
90,88,88,86,86,allclose
86,86,84,84,84,allclose
82,80,80,80,78,allclose
78,78,80,78,80,allclose
82,82,82,82,82,allclose
82,82,82,82,82,allclose
80,80,78,78,76,allclose
76,76,76,74,74,allclose
74,74,72,72,72,allclose
70,72,72,72,72,allclose
72,72,72,72,74,allclose
74,76,76,76,76,allclose
78,78,78,76,78,allclose
76,76,78,76,78,allclose
76,76,76,74,74,allclose
76,76,74,74,72,allclose
70,70,68,68,68,allclose
66,66,68,68,68,allclose
70,68,70,70,72,allclose
70,70,72,72,72,allclose
74,74,76,76,76,allclose
76,76,76,76,76,allclose
76,76,76,74,74,allclose
74,74,76,76,76,allclose
78,78,80,80,82,allclose
82,82,82,82,84,allclose
86,86,88,88,88,allclose
90,90,90,90,90,allclose
88,88,88,88,88,allclose
86,86,84,82,82,allclose
80,80,80,80,78,allclose
78,78,78,76,78,allclose
76,76,78,78,78,allclose
78,78,78,78,78,allclose
78,78,78,78,78,allclose
76,76,76,76,78,allclose
78,76,76,76,76,allclose
76,76,78,78,78,allclose
78,78,78,78,78,allclose
78,78,80,78,82,allclose
80,82,82,82,80,allclose
80,80,80,80,82,allclose
82,82,84,84,84,allclose
84,84,82,82,82,allclose
82,82,84,84,84,allclose
86,84,84,82,82,allclose
82,80,82,82,82,allclose
84,84,84,84,84,allclose
84,86,86,86,88,allclose
88,86,86,86,86,allclose
86,86,88,88,88,allclose
88,88,88,86,86,allclose
84,86,84,84,84,allclose
84,82,82,82,82,allclose
84,84,84,84,84,allclose
84,84,86,86,86,allclose
88,88,90,90,90,allclose
90,92,92,92,92,allclose
92,92,92,92,92,allclose
92,92,94,94,94,allclose
94,94,94,96,96,allclose
96,96,94,96,94,allclose
96,96,96,94,94,allclose
94,92,92,92,92,allclose
92,92,94,92,92,allclose
90,90,88,88,86,allclose
86,86,88,88,88,allclose
90,90,90,90,90,allclose
88,90,88,90,90,allclose
90,90,88,88,88,allclose
86,86,86,84,84,allclose
84,84,84,82,84,allclose
82,80,80,78,78,allclose
78,78,76,76,74,allclose
72,72,72,70,72,allclose
70,70,70,68,68,allclose
68,66,66,66,68,allclose
68,68,68,66,66,allclose
66,66,66,66,68,allclose
68,70,70,70,70,allclose
70,72,70,70,70,allclose
70,70,70,68,68,allclose
68,66,66,68,66,allclose
66,66,66,66,66,allclose
66,66,66,68,66,allclose
68,68,70,70,70,allclose
70,70,70,70,72,allclose
72,72,72,70,70,allclose
70,70,70,70,68,allclose
70,68,70,70,70,allclose
72,72,74,74,74,allclose
74,74,74,76,76,allclose
78,80,80,80,82,allclose
82,82,84,84,84,allclose
84,84,84,84,84,allclose
84,84,84,84,84,allclose
82,82,82,82,82,allclose
82,84,82,84,84,allclose
84,86,86,86,88,allclose
88,88,90,90,90,allclose
90,90,90,90,90,allclose
90,90,90,88,88,allclose
88,88,86,86,86,allclose
86,88,88,86,86,allclose
86,86,86,86,86,allclose
86,86,86,86,86,allclose
86,86,86,86,86,allclose
86,86,86,86,86,allclose
86,86,86,84,84,allclose
84,84,84,84,84,allclose
84,82,82,80,80,allclose
80,78,78,80,80,allclose
78,78,78,76,78,allclose
76,78,78,78,78,allclose
78,80,80,80,80,allclose
80,78,78,78,78,allclose
78,78,78,78,78,allclose
78,76,76,74,76,allclose
74,74,74,72,72,allclose
72,72,72,72,72,allclose
72,72,72,72,72,allclose
72,70,70,70,70,allclose
70,72,72,72,72,allclose
72,70,72,70,70,allclose
70,68,68,66,66,allclose
66,66,66,66,66,allclose
68,68,66,66,66,allclose
66,66,66,66,66,allclose
66,66,66,68,68,allclose
68,70,70,70,70,allclose
70,70,70,70,70,allclose
70,70,70,70,70,allclose
68,68,68,68,70,allclose
70,70,72,72,72,allclose
72,72,72,72,72,allclose
72,72,72,74,74,allclose
74,74,74,74,74,allclose
74,74,76,76,76,allclose
78,78,78,78,78,allclose
80,78,80,80,82,allclose
82,82,82,82,82,allclose
80,80,80,78,78,allclose
78,78,78,78,78,allclose
76,76,74,72,72,allclose
72,70,70,70,70,allclose
72,70,70,70,70,allclose
70,72,72,72,72,allclose
72,72,72,74,74,allclose
74,76,76,76,76,allclose
76,76,78,78,78,allclose
80,80,80,80,80,allclose
80,80,80,80,80,allclose
80,80,82,82,82,allclose
82,82,82,82,80,allclose
10,10,10,10,10,allopen
10,10,10,10,10,allopen
10,10,10,10,10,allopen
10,10,10,10,10,allopen
10,10,10,10,10,allopen
10,10,10,10,10,allopen
10,10,10,10,10,allopen
10,10,10,10,10,allopen
10,10,10,10,10,allopen
10,10,10,10,10,allopen
10,10,10,10,10,allopen
10,10,10,10,10,allopen
10,10,10,10,10,allopen
10,10,10,10,10,allopen
10,10,10,10,10,allopen
10,10,10,10,10,allopen
10,10,10,10,10,allopen
10,10,10,10,10,allopen
10,10,10,10,10,allopen
10,10,10,10,10,allopen
10,10,10,10,10,allopen
10,10,10,10,10,allopen
10,10,10,10,10,allopen
10,10,10,10,10,allopen
10,10,10,10,10,allopen
10,10,10,10,10,allopen
10,10,10,10,10,allopen
10,10,10,10,10,allopen
10,10,10,10,10,allopen
10,10,10,10,10,allopen
10,10,10,10,10,allopen
10,10,10,10,10,allopen
10,10,10,10,10,allopen
10,10,10,10,10,allopen
10,10,10,10,10,allopen
10,10,10,10,10,allopen
10,10,10,10,10,allopen
10,10,10,10,10,allopen
10,10,10,10,10,allopen
10,10,10,10,10,allopen
10,10,10,10,10,allopen
10,10,10,10,10,allopen
10,10,10,10,10,allopen
10,10,10,10,10,allopen
10,10,10,10,10,allopen
10,10,10,10,10,allopen
10,10,10,10,10,allopen
10,10,10,10,12,allopen
12,12,12,12,10,allopen
10,10,10,10,10,allopen
10,10,10,10,10,allopen
10,10,10,10,10,allopen
10,10,10,10,10,allopen
10,10,10,10,10,allopen
10,10,10,10,10,allopen
10,10,10,10,10,allopen
10,10,10,10,10,allopen
10,10,10,10,10,allopen
10,10,10,10,10,allopen
10,10,10,10,10,allopen
10,10,10,10,10,allopen
10,10,10,10,10,allopen
10,10,10,10,10,allopen
10,10,10,10,10,allopen
10,10,10,10,10,allopen
10,10,10,10,10,allopen
10,10,10,10,10,allopen
10,10,10,10,10,allopen
10,10,10,10,10,allopen
10,10,10,10,10,allopen
10,10,10,10,10,allopen
10,10,10,10,10,allopen
10,10,10,10,10,allopen
10,10,10,10,10,allopen
10,10,10,10,10,allopen
10,10,8,8,8,allopen
8,10,10,10,10,allopen
10,10,10,10,10,allopen
10,10,10,10,10,allopen
10,10,10,10,10,allopen
10,10,10,10,10,allopen
10,10,10,10,10,allopen
10,10,10,10,10,allopen
10,10,10,10,10,allopen
10,10,10,10,10,allopen
10,10,10,10,10,allopen
10,10,10,10,10,allopen
8,8,8,8,8,allopen
8,8,8,10,10,allopen
8,8,8,8,8,allopen
8,8,8,8,8,allopen
8,8,8,8,8,allopen
8,8,8,8,8,allopen
8,8,8,8,8,allopen
8,8,8,8,8,allopen
8,8,8,8,8,allopen
8,8,8,8,8,allopen
8,8,8,8,8,allopen
8,8,8,8,8,allopen
8,8,8,8,8,allopen
8,8,8,8,8,allopen
8,8,8,8,8,allopen
8,8,8,8,8,allopen
8,8,8,8,8,allopen
8,8,8,8,8,allopen
8,8,8,8,8,allopen
8,8,8,8,8,allopen
8,8,8,8,8,allopen
8,8,8,8,8,allopen
8,8,8,8,8,allopen
8,8,8,8,8,allopen
8,8,10,10,10,allopen
10,10,10,10,10,allopen
10,10,10,8,8,allopen
8,8,8,8,10,allopen
10,10,10,10,10,allopen
10,10,10,10,10,allopen
10,10,10,10,10,allopen
10,10,10,8,10,allopen
10,10,10,10,10,allopen
10,10,10,10,10,allopen
10,10,10,10,10,allopen
10,10,10,10,10,allopen
10,10,10,10,10,allopen
10,10,10,10,10,allopen
10,10,10,10,10,allopen
10,10,10,10,10,allopen
10,10,10,10,10,allopen
10,10,10,10,10,allopen
10,10,10,10,10,allopen
10,10,10,10,10,allopen
10,10,10,10,10,allopen
10,10,10,10,10,allopen
10,10,10,10,10,allopen
10,10,10,10,10,allopen
10,10,10,10,10,allopen
10,10,10,10,10,allopen
10,10,10,10,10,allopen
10,10,10,10,10,allopen
10,10,10,10,10,allopen
10,10,10,10,10,allopen
10,10,10,10,10,allopen
10,10,12,10,12,allopen
12,12,12,12,12,allopen
12,12,12,12,12,allopen
12,12,12,12,12,allopen
12,12,12,12,12,allopen
12,12,12,12,12,allopen
10,12,10,10,10,allopen
10,10,10,10,10,allopen
10,10,10,10,10,allopen
10,10,10,10,10,allopen
10,10,10,10,10,allopen
10,10,10,10,10,allopen
10,10,10,10,10,allopen
10,10,10,10,10,allopen
10,10,10,10,10,allopen
10,10,10,10,10,allopen
10,10,10,10,10,allopen
10,10,10,10,10,allopen
10,10,10,10,10,allopen
10,10,10,10,10,allopen
10,10,10,10,10,allopen
10,10,10,10,10,allopen
10,10,10,10,10,allopen
10,10,10,10,10,allopen
8,8,8,8,8,allopen
8,8,8,8,8,allopen
8,8,8,8,10,allopen
10,10,10,10,10,allopen
10,10,10,10,10,allopen
10,10,10,10,10,allopen
10,10,10,10,10,allopen
10,10,10,10,10,allopen
10,10,10,10,10,allopen
10,10,10,10,10,allopen
10,10,10,10,10,allopen
10,10,10,10,10,allopen
10,10,10,10,10,allopen
10,10,12,12,12,allopen
12,12,12,12,12,allopen
10,12,10,10,10,allopen
10,10,12,10,12,allopen
12,12,12,12,12,allopen
12,12,12,12,12,allopen
12,12,12,12,12,allopen
12,12,12,12,12,allopen
12,12,12,12,12,allopen
12,12,12,12,12,allopen
12,12,12,12,12,allopen
12,12,12,12,12,allopen
12,12,12,12,12,allopen
12,12,12,12,12,allopen
12,12,12,10,10,allopen
10,10,10,10,10,allopen
10,10,10,10,10,allopen
10,10,10,10,10,allopen
10,10,10,10,10,allopen
10,10,10,10,10,allopen
10,10,10,10,10,allopen
10,10,10,10,10,allopen
10,10,10,10,10,allopen
10,10,10,10,10,allopen
10,10,10,10,10,allopen
10,10,10,10,10,allopen
10,10,10,10,10,allopen
10,10,10,10,10,allopen
10,10,10,10,10,allopen
10,10,10,10,10,allopen
10,10,10,10,10,allopen
10,10,10,10,10,allopen
10,10,10,10,10,allopen
10,10,10,10,10,allopen
10,10,10,10,10,allopen
8,10,10,8,10,allopen
10,10,10,10,10,allopen
10,10,10,10,10,allopen
10,10,10,10,10,allopen
10,10,10,10,10,allopen
10,10,10,10,10,allopen
10,10,10,10,10,allopen
10,10,10,10,10,allopen
10,10,10,10,10,allopen
10,10,10,10,10,allopen
10,10,10,10,10,allopen
10,10,10,10,10,allopen
10,10,10,10,10,allopen
10,10,10,10,10,allopen
10,10,10,10,10,allopen
10,10,10,10,10,allopen
10,10,10,10,10,allopen
10,10,10,10,10,allopen
8,10,8,8,8,allopen
8,8,8,8,8,allopen
8,10,10,10,10,allopen
10,10,10,10,10,allopen
8,10,8,8,8,allopen
8,8,8,8,8,allopen
8,10,10,10,10,allopen
10,10,10,10,8,allopen
8,8,8,8,8,allopen
8,8,8,8,8,allopen
8,8,8,8,8,allopen
8,8,8,8,8,allopen
8,8,8,8,8,allopen
8,8,8,8,8,allopen
8,8,8,8,8,allopen
8,8,8,8,8,allopen
8,8,8,8,8,allopen
8,8,10,10,10,allopen
10,10,10,10,10,allopen
10,10,10,10,10,allopen
10,10,10,8,10,allopen
10,10,10,10,10,allopen
10,10,10,10,10,allopen
10,10,10,8,8,allopen
8,8,8,8,8,allopen
10,10,10,10,10,allopen
10,10,10,10,10,allopen
10,10,8,8,8,allopen
8,8,8,8,8,allopen
8,10,10,10,10,allopen
10,10,10,10,10,allopen
10,10,10,8,10,allopen
10,10,10,10,10,allopen
10,10,10,10,10,allopen
10,10,10,10,10,allopen
10,10,10,10,10,allopen
10,10,10,10,10,allopen
10,10,10,10,10,allopen
10,10,10,10,10,allopen
10,10,10,10,10,allopen
10,10,10,10,10,allopen
10,10,10,10,10,allopen
10,10,10,10,10,allopen
8,8,8,8,8,allopen
8,8,8,8,8,allopen
8,8,8,8,8,allopen
8,8,8,8,8,allopen
8,8,8,8,8,allopen
8,8,8,8,10,allopen
10,10,10,10,10,allopen
10,10,10,10,10,allopen
8,10,10,10,10,allopen
10,10,10,10,10,allopen
10,10,10,10,10,allopen
10,10,10,10,10,allopen
10,10,10,10,10,allopen
10,10,10,10,10,allopen
10,10,10,10,10,allopen
10,10,10,8,8,allopen
8,8,8,8,8,allopen
10,10,10,10,10,allopen
8,8,8,8,8,allopen
8,8,8,8,8,allopen
8,8,10,8,10,allopen
10,10,10,10,10,allopen
10,10,8,8,8,allopen
8,8,8,8,8,allopen
8,8,8,8,10,allopen
10,10,8,8,8,allopen
8,8,8,8,8,allopen
8,8,8,8,8,allopen
8,8,10,10,10,allopen
10,10,10,10,10,allopen
10,10,8,8,8,allopen
8,8,8,8,8,allopen
8,10,10,10,10,allopen
10,10,10,10,10,allopen
10,10,8,8,8,allopen
8,8,8,8,8,allopen
8,10,10,10,10,allopen
10,10,10,10,10,allopen
10,10,10,10,10,allopen
10,10,10,10,10,allopen
10,10,10,10,10,allopen
10,10,10,10,10,allopen
10,10,10,10,10,allopen
10,10,10,10,10,allopen
10,10,10,10,10,allopen
10,10,10,10,10,allopen
10,10,10,10,10,allopen
10,10,10,10,10,allopen
10,10,10,10,10,allopen
10,10,10,8,8,allopen
8,8,8,8,10,allopen
10,10,10,10,10,allopen
10,10,10,10,10,allopen
10,10,10,8,8,allopen
8,8,8,8,8,allopen
8,8,8,8,8,allopen
8,8,8,8,8,allopen
8,8,8,8,8,allopen
8,8,8,8,8,allopen
8,8,8,8,8,allopen
8,8,8,8,8,allopen
8,8,8,8,8,allopen
8,8,8,8,8,allopen
8,8,8,8,8,allopen
8,8,8,8,8,allopen
8,8,8,8,8,allopen
8,8,8,8,8,allopen
8,8,8,8,8,allopen
8,8,8,8,8,allopen
8,8,8,8,8,allopen
8,8,8,8,8,allopen
8,8,8,8,8,allopen
8,8,8,8,8,allopen
8,8,8,8,8,allopen
8,8,8,8,8,allopen
10,10,10,10,10,allopen
10,10,10,10,10,allopen
8,8,8,8,8,allopen
8,10,10,10,10,allopen
10,10,10,10,10,allopen
10,10,10,10,10,allopen
10,10,10,10,10,allopen
10,10,10,10,10,allopen
10,10,10,10,10,allopen
10,10,10,10,10,allopen
10,10,10,10,10,allopen
10,10,10,10,10,allopen
10,10,10,10,10,allopen
10,10,10,10,10,allopen
8,8,8,8,8,allopen
8,10,10,10,10,allopen
10,10,10,10,10,allopen
10,10,8,8,8,allopen
8,8,8,8,8,allopen
8,8,8,8,8,allopen
8,8,8,8,8,allopen
8,8,8,8,8,allopen
8,8,8,8,8,allopen
8,8,8,8,8,allopen
8,8,8,8,8,allopen
8,8,8,8,8,allopen
8,8,8,8,8,allopen
8,8,8,8,8,allopen
8,8,8,8,8,allopen
8,8,8,8,8,allopen
8,8,8,8,8,allopen
8,8,10,10,10,allopen
10,10,10,10,10,allopen
10,10,10,10,10,allopen
8,10,10,10,10,allopen
10,10,10,10,10,allopen
10,10,10,10,10,allopen
10,10,10,10,10,allopen
10,10,10,10,10,allopen
10,10,10,10,10,allopen
10,10,10,10,10,allopen
10,10,10,10,10,allopen
10,10,10,10,10,allopen
10,10,10,10,10,allopen
10,10,10,10,10,allopen
10,10,10,10,10,allopen
10,10,10,10,10,allopen
10,10,10,10,10,allopen
10,10,10,10,10,allopen
10,10,10,10,10,allopen
10,10,10,10,10,allopen
10,10,10,10,10,allopen
10,10,10,10,10,allopen
10,10,10,10,10,allopen
10,10,10,10,10,allopen
10,10,10,10,10,allopen
10,10,10,10,10,allopen
10,10,10,10,10,allopen
10,10,10,10,10,allopen
10,10,10,10,8,allopen
8,8,8,8,8,allopen
8,8,8,8,8,allopen
8,8,8,10,8,allopen
8,8,8,8,8,allopen
8,8,8,8,8,allopen
8,8,8,8,8,allopen
8,8,10,10,10,allopen
10,10,10,10,10,allopen
10,10,10,10,10,allopen
10,10,10,10,10,allopen
10,10,10,10,10,allopen
10,10,10,10,10,allopen
10,10,10,10,10,allopen
10,10,10,10,10,allopen
10,10,10,10,10,allopen
10,10,10,10,10,allopen
10,10,10,10,10,allopen
10,10,10,10,10,allopen
10,10,10,10,10,allopen
10,10,10,10,10,allopen
10,10,10,10,10,allopen
10,10,10,10,10,allopen
10,10,10,10,10,allopen
10,10,10,10,10,allopen
10,10,10,10,10,allopen
10,10,10,10,10,allopen
10,10,10,10,10,allopen
10,10,10,10,10,allopen
10,10,10,10,10,allopen
10,10,10,10,10,allopen
10,10,10,10,10,allopen
10,10,10,10,10,allopen
10,10,10,10,10,allopen
10,10,10,10,10,allopen
10,10,10,10,10,allopen
10,10,10,10,10,allopen
10,10,10,10,10,allopen
10,10,10,10,10,allopen
10,10,10,10,10,allopen
10,10,10,10,10,allopen
10,10,10,10,10,allopen
10,10,10,10,10,allopen
10,10,10,10,10,allopen
10,10,10,10,8,allopen
8,8,8,8,8,allopen
8,8,8,8,8,allopen
8,8,8,8,8,allopen
8,8,8,8,8,allopen
8,8,8,8,8,allopen
8,8,8,8,8,allopen
8,8,8,8,10,allopen
10,10,10,10,10,allopen
10,10,8,8,8,allopen
8,8,8,8,10,allopen
10,10,10,10,10,allopen
10,10,10,10,10,allopen
10,10,10,10,10,allopen
8,10,10,10,10,allopen
10,10,10,10,10,allopen
10,10,10,10,10,allopen
10,10,10,10,10,allopen
8,10,10,10,10,allopen
10,10,10,10,10,allopen
10,10,10,10,10,allopen
10,10,10,10,10,allopen
10,10,10,10,10,allopen
10,10,10,10,10,allopen
10,10,10,10,10,allopen
10,10,10,10,10,allopen
10,10,10,10,10,allopen
10,10,10,10,10,allopen
10,10,10,10,10,allopen
10,10,10,10,10,allopen
10,10,10,10,10,allopen
10,10,10,10,10,allopen
10,10,10,10,10,allopen
10,10,10,10,10,allopen
10,10,10,10,10,allopen
10,10,10,10,10,allopen
10,10,10,10,10,allopen
10,10,10,10,10,allopen
10,10,10,10,10,allopen
10,10,10,10,10,allopen
10,10,10,10,10,allopen
10,10,10,10,10,allopen
10,10,10,10,10,allopen
10,10,10,10,10,allopen
10,10,10,10,10,allopen
10,10,10,10,10,allopen
10,10,10,10,8,allopen
20,18,20,20,20,index_close
20,20,18,18,18,index_close
18,18,18,18,18,index_close
18,18,18,18,18,index_close
18,18,18,18,18,index_close
18,18,18,18,18,index_close
18,18,18,18,18,index_close
18,18,18,18,18,index_close
18,18,20,20,20,index_close
20,20,20,20,20,index_close
20,20,22,22,22,index_close
22,22,22,20,20,index_close
20,20,20,20,20,index_close
20,20,20,20,20,index_close
20,20,20,20,22,index_close
22,22,22,22,22,index_close
22,22,24,22,24,index_close
24,24,24,24,24,index_close
24,24,24,24,24,index_close
24,24,24,24,24,index_close
24,24,24,24,24,index_close
24,24,24,24,24,index_close
24,24,24,24,24,index_close
24,24,24,24,24,index_close
24,24,24,24,24,index_close
24,24,24,24,24,index_close
24,24,24,24,24,index_close
24,24,24,24,24,index_close
24,24,24,24,24,index_close
22,22,22,22,22,index_close
22,22,22,22,22,index_close
22,22,22,22,22,index_close
22,22,22,22,22,index_close
22,22,22,22,22,index_close
22,22,22,22,22,index_close
22,22,22,22,22,index_close
22,20,22,22,22,index_close
22,22,22,22,22,index_close
22,22,22,22,22,index_close
22,22,22,22,22,index_close
22,22,22,22,22,index_close
22,20,20,20,20,index_close
20,20,20,20,20,index_close
20,20,20,20,20,index_close
20,20,20,20,20,index_close
20,22,20,20,20,index_close
22,20,22,22,22,index_close
22,22,22,22,20,index_close
20,20,20,20,20,index_close
20,20,20,20,18,index_close
20,20,20,20,20,index_close
20,20,20,20,20,index_close
20,20,20,20,20,index_close
20,20,20,20,20,index_close
20,20,20,20,22,index_close
22,22,22,22,22,index_close
22,22,22,22,22,index_close
22,22,22,22,22,index_close
22,22,22,22,22,index_close
22,22,22,22,22,index_close
24,22,24,22,22,index_close
22,22,22,22,22,index_close
22,22,22,22,22,index_close
22,22,22,22,22,index_close
22,22,22,22,22,index_close
22,22,24,24,24,index_close
24,24,24,24,24,index_close
24,24,24,24,24,index_close
24,24,24,24,24,index_close
24,24,24,24,24,index_close
24,24,24,24,24,index_close
24,24,24,24,24,index_close
24,24,24,22,24,index_close
22,22,22,22,24,index_close
24,24,24,24,24,index_close
24,24,24,24,24,index_close
24,24,24,24,24,index_close
22,22,22,22,22,index_close
24,24,22,24,22,index_close
24,24,24,24,24,index_close
24,24,24,24,24,index_close
24,24,24,24,24,index_close
24,24,24,24,26,index_close
26,26,26,24,26,index_close
24,24,26,26,26,index_close
26,24,24,24,24,index_close
24,24,24,24,24,index_close
24,24,24,22,22,index_close
22,22,22,22,22,index_close
22,22,22,22,22,index_close
22,22,22,22,22,index_close
22,22,20,20,20,index_close
20,20,20,20,20,index_close
20,20,20,20,20,index_close
20,20,20,20,20,index_close
20,20,20,20,20,index_close
20,20,20,20,20,index_close
20,20,20,20,20,index_close
20,20,20,20,20,index_close
20,20,20,20,20,index_close
20,20,20,20,20,index_close
20,20,20,20,20,index_close
20,20,20,20,20,index_close
20,20,20,20,20,index_close
20,20,20,20,20,index_close
20,20,20,20,20,index_close
20,20,20,20,20,index_close
20,20,20,20,20,index_close
22,22,22,20,20,index_close
20,20,20,20,20,index_close
20,20,20,18,18,index_close
18,18,18,18,18,index_close
20,20,20,20,20,index_close
20,20,20,20,20,index_close
20,20,20,20,20,index_close
20,20,20,20,20,index_close
20,20,20,20,20,index_close
22,22,22,22,22,index_close
22,22,22,22,20,index_close
20,20,20,22,22,index_close
22,22,22,22,22,index_close
22,22,22,22,22,index_close
22,22,22,22,22,index_close
22,22,22,22,20,index_close
22,22,22,22,22,index_close
22,22,22,20,22,index_close
20,20,20,20,20,index_close
22,22,22,22,22,index_close
22,22,22,22,22,index_close
22,24,24,24,24,index_close
24,24,24,22,22,index_close
22,22,22,22,22,index_close
22,22,22,22,22,index_close
22,22,20,20,20,index_close
20,22,22,22,22,index_close
24,24,24,24,24,index_close
24,24,24,24,24,index_close
24,24,24,24,24,index_close
24,24,24,24,24,index_close
24,24,24,24,24,index_close
24,24,24,24,24,index_close
24,24,24,24,24,index_close
24,24,24,24,24,index_close
24,24,24,24,24,index_close
24,24,24,24,24,index_close
24,24,24,24,24,index_close
22,24,24,22,22,index_close
22,22,22,22,22,index_close
22,22,22,22,22,index_close
24,24,24,24,24,index_close
24,24,24,22,22,index_close
22,22,24,24,24,index_close
24,24,24,24,24,index_close
22,22,22,22,22,index_close
22,22,22,22,22,index_close
20,20,20,20,20,index_close
20,20,20,20,20,index_close
20,20,20,20,20,index_close
20,20,20,20,20,index_close
20,20,20,20,20,index_close
20,20,20,20,20,index_close
20,20,20,20,20,index_close
20,20,22,20,20,index_close
20,20,22,22,22,index_close
22,22,22,20,20,index_close
20,20,20,20,20,index_close
20,20,20,20,20,index_close
20,20,20,20,20,index_close
20,20,20,20,20,index_close
20,20,20,20,20,index_close
22,22,22,22,22,index_close
22,22,22,22,22,index_close
22,22,22,22,24,index_close
24,24,24,24,24,index_close
24,24,24,24,24,index_close
24,24,24,24,24,index_close
24,24,24,24,24,index_close
24,24,22,22,22,index_close
22,22,22,22,22,index_close
22,22,22,22,22,index_close
22,22,22,22,22,index_close
22,22,22,22,22,index_close
22,22,22,22,22,index_close
22,22,22,22,22,index_close
22,22,22,22,22,index_close
22,20,20,20,20,index_close
20,20,20,20,20,index_close
20,20,20,20,20,index_close
20,18,18,18,18,index_close
18,18,18,18,18,index_close
18,18,18,18,18,index_close
18,18,20,20,20,index_close
20,20,20,20,20,index_close
20,20,20,20,20,index_close
20,20,20,18,18,index_close
18,18,18,18,18,index_close
18,18,18,18,18,index_close
18,18,18,18,18,index_close
18,18,18,18,18,index_close
18,18,16,16,16,index_close
16,16,16,16,16,index_close
16,16,16,16,16,index_close
16,16,16,16,16,index_close
16,16,16,16,16,index_close
16,16,16,16,16,index_close
16,16,16,16,16,index_close
16,16,16,16,16,index_close
16,16,16,16,16,index_close
18,18,16,16,16,index_close
16,16,18,16,18,index_close
16,16,16,16,16,index_close
18,18,18,16,16,index_close
16,16,16,16,16,index_close
16,16,16,16,16,index_close
16,16,16,16,16,index_close
16,16,16,16,16,index_close
16,14,14,14,14,index_close
14,14,14,14,14,index_close
14,14,14,14,14,index_close
14,14,14,14,14,index_close
14,14,14,14,14,index_close
14,14,14,14,14,index_close
14,14,14,14,14,index_close
14,14,14,14,14,index_close
14,14,14,14,14,index_close
14,14,14,14,14,index_close
14,14,14,16,14,index_close
16,16,16,16,16,index_close
16,16,16,16,18,index_close
18,18,18,18,18,index_close
18,18,18,18,18,index_close
18,18,18,18,18,index_close
18,18,18,18,18,index_close
18,16,16,16,16,index_close
16,16,16,16,16,index_close
16,16,16,16,18,index_close
18,18,18,18,18,index_close
18,18,18,18,18,index_close
18,18,18,20,20,index_close
20,20,20,20,20,index_close
20,20,20,20,20,index_close
20,20,22,22,22,index_close
22,22,24,22,22,index_close
22,22,24,24,24,index_close
24,24,24,24,22,index_close
24,24,24,24,24,index_close
24,24,24,24,24,index_close
24,24,24,24,24,index_close
24,24,24,26,26,index_close
26,26,26,26,26,index_close
26,26,26,26,26,index_close
26,26,26,26,26,index_close
26,24,24,24,24,index_close
24,24,24,24,24,index_close
24,24,24,22,22,index_close
22,22,22,22,22,index_close
22,22,22,22,22,index_close
22,22,22,22,22,index_close
22,22,22,22,22,index_close
22,22,22,22,22,index_close
24,24,24,24,24,index_close
24,24,22,22,22,index_close
22,22,22,22,22,index_close
22,22,24,22,24,index_close
22,22,22,22,22,index_close
22,22,22,22,22,index_close
22,22,22,22,22,index_close
22,22,22,22,22,index_close
22,22,22,22,22,index_close
22,22,22,22,22,index_close
24,24,24,24,24,index_close
24,24,24,22,22,index_close
22,22,22,22,22,index_close
22,22,22,22,22,index_close
22,22,22,22,22,index_close
22,22,22,22,22,index_close
22,22,22,22,22,index_close
22,22,22,22,22,index_close
22,22,22,22,22,index_close
22,22,22,22,22,index_close
22,22,24,22,22,index_close
24,24,24,24,24,index_close
24,24,24,24,24,index_close
24,24,24,24,24,index_close
24,24,24,24,24,index_close
24,24,22,22,22,index_close
22,22,22,22,22,index_close
22,22,22,22,22,index_close
22,22,22,22,22,index_close
22,22,22,22,22,index_close
22,22,22,22,22,index_close
22,22,22,22,22,index_close
22,20,20,20,20,index_close
20,20,20,20,20,index_close
20,20,20,20,20,index_close
18,18,18,18,18,index_close
18,18,18,18,18,index_close
18,18,18,18,18,index_close
18,20,20,18,18,index_close
18,18,18,18,18,index_close
18,18,18,18,18,index_close
18,18,18,18,18,index_close
18,18,18,18,18,index_close
18,18,18,18,18,index_close
18,18,18,18,18,index_close
18,18,18,18,18,index_close
18,18,18,18,18,index_close
16,16,16,16,16,index_close
16,16,18,16,18,index_close
16,16,16,16,16,index_close
16,16,16,16,16,index_close
16,16,18,18,18,index_close
16,16,18,18,18,index_close
18,18,18,18,18,index_close
18,18,18,18,18,index_close
18,18,18,18,18,index_close
18,18,18,18,18,index_close
18,18,18,18,18,index_close
18,18,18,18,18,index_close
18,18,18,18,18,index_close
18,18,18,18,18,index_close
18,18,18,18,18,index_close
18,18,18,18,18,index_close
18,18,18,18,18,index_close
18,18,18,18,18,index_close
18,18,18,18,18,index_close
18,18,18,18,18,index_close
18,18,18,18,16,index_close
16,16,16,16,16,index_close
18,18,18,18,18,index_close
18,18,18,16,18,index_close
18,18,16,16,16,index_close
16,16,18,18,18,index_close
18,18,18,18,18,index_close
18,18,18,18,18,index_close
18,18,18,18,18,index_close
18,18,18,18,18,index_close
18,18,18,18,18,index_close
18,18,18,18,18,index_close
18,18,18,16,16,index_close
16,16,16,16,16,index_close
16,16,16,16,16,index_close
16,16,18,18,16,index_close
16,16,18,16,18,index_close
18,18,18,18,18,index_close
18,18,18,18,16,index_close
16,16,16,16,16,index_close
16,18,18,18,18,index_close
18,18,18,18,18,index_close
18,18,18,18,18,index_close
18,18,18,18,18,index_close
18,18,18,18,18,index_close
18,18,18,18,18,index_close
18,18,18,18,18,index_close
18,18,18,18,18,index_close
18,18,18,18,18,index_close
18,18,18,18,18,index_close
18,18,18,18,18,index_close
18,18,18,18,16,index_close
16,16,16,16,16,index_close
16,16,16,16,16,index_close
16,16,16,16,16,index_close
16,14,14,14,14,index_close
14,14,14,16,16,index_close
16,16,16,16,16,index_close
16,16,16,16,16,index_close
16,16,16,16,16,index_close
16,16,16,16,16,index_close
14,14,14,16,14,index_close
14,14,14,14,14,index_close
14,14,14,14,14,index_close
14,14,14,14,14,index_close
14,14,14,14,14,index_close
14,16,16,16,16,index_close
16,16,16,16,14,index_close
16,14,14,14,14,index_close
14,14,14,14,14,index_close
14,14,14,14,14,index_close
14,14,14,14,14,index_close
14,14,14,14,14,index_close
14,14,16,16,14,index_close
14,14,16,16,16,index_close
16,16,16,16,14,index_close
14,14,14,14,14,index_close
14,14,14,14,14,index_close
14,14,14,14,14,index_close
16,16,16,16,16,index_close
16,14,16,14,16,index_close
14,16,16,14,14,index_close
14,14,14,14,14,index_close
14,14,14,14,14,index_close
14,14,14,14,14,index_close
14,14,14,14,14,index_close
14,14,16,16,16,index_close
16,16,16,16,16,index_close
16,16,16,16,16,index_close
16,16,16,14,14,index_close
14,14,14,14,14,index_close
14,14,14,14,14,index_close
14,14,14,14,14,index_close
14,14,14,14,14,index_close
14,14,14,14,14,index_close
14,14,14,14,14,index_close
14,14,14,14,14,index_close
14,14,14,14,14,index_close
14,14,12,12,12,index_close
12,12,14,12,14,index_close
14,12,12,12,14,index_close
14,14,14,14,14,index_close
14,14,14,14,14,index_close
14,14,14,14,14,index_close
14,14,14,14,14,index_close
14,14,14,14,14,index_close
14,14,14,14,14,index_close
14,14,14,14,14,index_close
14,14,14,14,14,index_close
16,14,14,14,14,index_close
14,14,14,14,14,index_close
16,16,16,16,16,index_close
14,14,14,14,14,index_close
14,14,14,14,14,index_close
14,14,14,14,14,index_close
14,14,14,14,14,index_close
14,14,14,14,14,index_close
14,14,14,14,14,index_close
14,14,14,14,14,index_close
14,14,14,14,14,index_close
14,14,14,14,14,index_close
14,16,16,16,14,index_close
14,14,16,16,16,index_close
16,16,16,16,16,index_close
16,16,16,16,16,index_close
14,14,14,14,14,index_close
14,14,14,14,14,index_close
14,14,14,14,14,index_close
14,14,14,14,14,index_close
14,14,14,14,16,index_close
16,16,16,16,16,index_close
16,16,16,16,16,index_close
16,16,16,16,16,index_close
16,16,16,16,16,index_close
16,16,16,16,16,index_close
16,16,18,18,18,index_close
18,18,18,16,16,index_close
16,16,16,16,16,index_close
16,16,16,16,16,index_close
16,16,16,16,16,index_close
16,16,16,14,16,index_close
16,16,16,16,16,index_close
16,16,16,16,16,index_close
14,16,14,14,14,index_close
14,14,14,14,14,index_close
16,16,16,16,16,index_close
16,16,14,14,14,index_close
14,16,16,16,16,index_close
16,16,16,16,16,index_close
16,16,16,16,16,index_close
18,18,18,18,18,index_close
18,18,18,18,18,index_close
20,20,20,20,20,index_close
20,20,20,20,22,index_close
22,22,22,22,22,index_close
22,22,22,22,22,index_close
22,22,22,22,22,index_close
22,22,22,22,22,index_close
22,22,22,22,22,index_close
22,22,22,22,22,index_close
20,20,20,20,20,index_close
20,20,20,20,20,index_close
20,20,20,20,20,index_close
20,20,20,20,20,index_close
20,20,20,20,20,index_close
20,20,20,20,20,index_close
20,22,22,22,22,index_close
22,22,22,22,22,index_close
22,22,22,22,22,index_close
22,24,24,24,24,index_close
24,24,24,24,24,index_close
24,24,24,24,24,index_close
24,24,24,24,24,index_close
24,24,24,24,24,index_close
24,24,24,24,24,index_close
24,24,24,24,24,index_close
22,22,22,22,22,index_close
22,22,22,22,22,index_close
22,22,22,22,22,index_close
20,20,20,20,20,index_close
18,18,18,18,20,index_close
20,20,20,20,20,index_close
20,20,18,20,20,index_close
20,20,20,20,20,index_close
18,18,18,18,18,index_close
18,18,18,18,18,index_close
18,18,18,18,18,index_close
18,18,18,18,18,index_close
18,18,20,20,20,index_close
20,20,20,20,20,index_close
20,20,20,20,20,index_close
20,20,20,20,20,index_close
20,20,20,20,20,index_close
70,70,70,70,70,middle_close
70,68,68,68,68,middle_close
68,66,66,66,66,middle_close
66,66,66,66,66,middle_close
66,66,66,66,66,middle_close
66,66,66,66,66,middle_close
66,66,66,66,66,middle_close
68,68,68,68,66,middle_close
66,66,66,66,64,middle_close
64,64,64,64,64,middle_close
64,64,62,62,62,middle_close
62,62,62,62,62,middle_close
62,62,62,62,62,middle_close
62,62,62,60,60,middle_close
60,60,60,60,60,middle_close
60,58,58,58,56,middle_close
56,54,54,54,54,middle_close
54,54,54,54,54,middle_close
54,54,54,54,54,middle_close
54,54,54,56,54,middle_close
56,56,56,56,56,middle_close
56,58,58,56,56,middle_close
56,56,56,56,56,middle_close
56,56,56,56,56,middle_close
58,58,58,58,58,middle_close
56,56,56,54,54,middle_close
54,52,52,52,52,middle_close
52,52,52,52,52,middle_close
52,54,54,54,54,middle_close
54,54,54,54,54,middle_close
54,54,52,52,52,middle_close
52,52,52,54,54,middle_close
54,52,52,52,52,middle_close
52,50,50,50,50,middle_close
48,48,48,48,48,middle_close
48,48,48,48,48,middle_close
48,48,48,48,48,middle_close
48,50,50,50,48,middle_close
48,48,48,48,48,middle_close
48,50,48,50,50,middle_close
50,52,52,52,52,middle_close
52,52,54,52,52,middle_close
52,52,52,52,52,middle_close
52,50,50,50,50,middle_close
50,50,50,50,50,middle_close
50,48,48,48,46,middle_close
46,46,46,44,44,middle_close
44,44,44,44,44,middle_close
44,42,42,42,42,middle_close
42,40,40,40,38,middle_close
38,38,38,38,38,middle_close
38,38,38,38,38,middle_close
38,38,38,40,40,middle_close
40,40,38,38,38,middle_close
38,36,36,36,36,middle_close
38,38,38,38,38,middle_close
38,38,38,38,38,middle_close
38,38,38,36,36,middle_close
38,38,38,38,38,middle_close
38,38,38,38,38,middle_close
38,38,38,38,38,middle_close
38,38,36,38,36,middle_close
36,36,36,36,36,middle_close
36,34,34,34,34,middle_close
34,34,34,32,32,middle_close
32,30,30,28,28,middle_close
28,28,28,28,28,middle_close
26,26,26,26,26,middle_close
26,26,26,26,26,middle_close
26,26,26,26,26,middle_close
26,26,26,26,26,middle_close
26,26,26,26,26,middle_close
26,26,26,26,26,middle_close
26,26,26,24,24,middle_close
24,24,24,26,26,middle_close
26,26,26,26,24,middle_close
24,24,24,24,24,middle_close
24,24,24,24,24,middle_close
24,24,24,24,24,middle_close
24,24,24,26,26,middle_close
24,24,24,24,24,middle_close
22,22,22,22,22,middle_close
22,22,22,22,24,middle_close
22,22,22,22,22,middle_close
22,22,20,20,20,middle_close
20,20,20,20,20,middle_close
20,20,20,20,20,middle_close
20,20,20,20,20,middle_close
20,20,18,20,20,middle_close
20,20,20,20,20,middle_close
20,20,20,20,20,middle_close
22,22,22,22,22,middle_close
22,22,22,22,22,middle_close
24,24,24,24,24,middle_close
24,24,24,24,24,middle_close
24,26,26,26,26,middle_close
26,26,26,26,26,middle_close
26,28,28,28,28,middle_close
28,28,28,28,28,middle_close
28,28,28,28,28,middle_close
28,28,28,28,28,middle_close
28,28,28,28,28,middle_close
28,28,28,28,28,middle_close
28,28,28,26,26,middle_close
26,26,26,26,26,middle_close
26,26,24,24,24,middle_close
24,24,24,24,24,middle_close
24,24,24,24,24,middle_close
24,24,22,22,22,middle_close
22,22,22,22,22,middle_close
22,22,22,22,22,middle_close
22,22,22,22,22,middle_close
22,22,22,22,22,middle_close
22,22,22,22,22,middle_close
22,22,22,22,22,middle_close
22,22,22,22,22,middle_close
22,22,22,20,20,middle_close
20,20,20,20,20,middle_close
20,20,20,18,18,middle_close
18,18,18,18,18,middle_close
18,18,18,18,18,middle_close
18,16,16,16,16,middle_close
16,16,16,16,16,middle_close
16,16,16,16,14,middle_close
14,14,14,14,14,middle_close
14,14,14,14,14,middle_close
14,14,14,16,16,middle_close
16,16,16,16,16,middle_close
16,16,16,16,16,middle_close
16,16,16,16,16,middle_close
16,16,18,18,18,middle_close
18,18,18,18,18,middle_close
18,18,18,18,18,middle_close
18,18,18,18,18,middle_close
18,18,20,20,20,middle_close
20,20,20,20,20,middle_close
20,20,20,20,20,middle_close
20,20,22,22,22,middle_close
22,22,22,22,22,middle_close
22,22,22,22,22,middle_close
22,22,22,20,20,middle_close
20,20,20,20,20,middle_close
20,20,20,20,20,middle_close
20,20,20,18,18,middle_close
18,18,18,18,18,middle_close
18,18,18,18,18,middle_close
18,18,18,18,18,middle_close
16,16,16,16,16,middle_close
16,16,16,16,16,middle_close
16,16,16,16,16,middle_close
16,16,16,14,16,middle_close
14,14,14,14,14,middle_close
14,14,14,14,14,middle_close
14,14,14,14,14,middle_close
14,14,14,14,14,middle_close
14,14,14,12,12,middle_close
12,12,12,12,12,middle_close
12,12,12,12,12,middle_close
12,12,12,12,12,middle_close
12,12,12,12,10,middle_close
10,10,10,10,10,middle_close
10,10,10,10,10,middle_close
10,10,10,10,10,middle_close
10,10,10,10,10,middle_close
10,10,10,10,10,middle_close
10,10,10,10,10,middle_close
10,10,10,10,10,middle_close
10,12,12,12,12,middle_close
12,12,12,12,12,middle_close
12,12,12,12,12,middle_close
12,12,12,12,12,middle_close
12,12,12,12,12,middle_close
12,12,12,12,12,middle_close
12,12,12,12,12,middle_close
14,14,14,14,14,middle_close
14,14,14,14,14,middle_close
14,14,14,14,14,middle_close
14,14,14,14,14,middle_close
14,14,14,14,14,middle_close
14,14,14,14,14,middle_close
14,14,16,16,16,middle_close
16,16,16,18,18,middle_close
18,18,18,18,18,middle_close
18,18,18,20,20,middle_close
20,20,20,20,20,middle_close
20,20,20,20,20,middle_close
22,22,22,22,22,middle_close
22,22,22,22,22,middle_close
22,22,22,22,22,middle_close
24,24,22,24,22,middle_close
22,22,22,22,22,middle_close
24,24,24,26,24,middle_close
26,26,26,26,26,middle_close
26,26,26,26,26,middle_close
26,26,26,26,26,middle_close
26,26,26,26,26,middle_close
26,28,28,28,28,middle_close
28,28,28,28,28,middle_close
28,28,28,28,28,middle_close
30,30,30,30,30,middle_close
30,30,30,30,30,middle_close
30,30,30,30,30,middle_close
30,30,30,30,30,middle_close
30,30,30,30,32,middle_close
30,30,32,32,32,middle_close
32,32,32,32,32,middle_close
30,30,30,30,30,middle_close
30,30,30,30,30,middle_close
30,30,30,30,30,middle_close
30,30,30,28,28,middle_close
28,28,28,28,28,middle_close
28,28,28,28,28,middle_close
28,26,28,26,26,middle_close
26,28,28,28,28,middle_close
28,28,30,30,30,middle_close
30,30,30,30,30,middle_close
30,30,32,32,30,middle_close
30,30,30,30,30,middle_close
30,30,30,30,30,middle_close
28,28,30,30,30,middle_close
30,30,30,32,30,middle_close
32,32,32,32,32,middle_close
32,32,34,34,34,middle_close
34,34,34,34,34,middle_close
36,36,36,36,36,middle_close
36,36,36,36,36,middle_close
36,36,36,36,36,middle_close
36,36,36,36,36,middle_close
36,34,34,34,34,middle_close
34,34,34,34,34,middle_close
34,34,34,34,34,middle_close
34,34,34,34,34,middle_close
34,34,34,34,34,middle_close
34,32,34,34,34,middle_close
34,36,36,36,38,middle_close
38,40,40,40,40,middle_close
40,40,40,40,40,middle_close
42,42,44,44,44,middle_close
46,46,46,48,46,middle_close
48,46,46,46,46,middle_close
46,44,44,44,44,middle_close
44,46,46,46,46,middle_close
44,44,44,44,44,middle_close
44,42,42,42,42,middle_close
42,44,44,44,44,middle_close
44,44,44,42,42,middle_close
42,42,42,42,42,middle_close
42,42,42,42,42,middle_close
42,42,42,42,42,middle_close
42,40,40,40,40,middle_close
40,40,40,40,38,middle_close
38,38,38,38,38,middle_close
38,38,38,38,38,middle_close
38,38,38,38,38,middle_close
38,38,38,40,40,middle_close
40,40,42,42,42,middle_close
44,44,44,44,44,middle_close
44,46,46,48,48,middle_close
48,50,50,52,52,middle_close
52,52,52,50,50,middle_close
50,48,48,48,48,middle_close
48,46,46,46,46,middle_close
46,46,46,44,44,middle_close
44,42,42,42,40,middle_close
40,40,40,38,38,middle_close
38,38,38,38,40,middle_close
38,38,38,38,38,middle_close
38,38,38,38,38,middle_close
38,38,38,38,40,middle_close
40,40,40,40,40,middle_close
40,40,40,40,40,middle_close
40,40,40,40,40,middle_close
40,40,40,40,40,middle_close
40,40,42,40,40,middle_close
40,40,40,40,40,middle_close
40,40,40,40,40,middle_close
40,40,40,40,40,middle_close
42,42,42,42,42,middle_close
42,42,42,42,42,middle_close
44,44,44,44,44,middle_close
44,44,44,44,44,middle_close
44,42,42,42,42,middle_close
42,42,42,40,40,middle_close
40,38,38,38,38,middle_close
36,36,36,36,36,middle_close
36,36,36,36,36,middle_close
36,38,38,38,40,middle_close
40,40,40,42,42,middle_close
42,42,42,42,42,middle_close
42,44,44,46,46,middle_close
48,48,48,50,50,middle_close
50,50,50,50,50,middle_close
52,52,54,54,54,middle_close
56,56,56,56,56,middle_close
56,56,56,56,56,middle_close
56,56,56,56,56,middle_close
56,56,56,58,58,middle_close
58,58,60,58,58,middle_close
58,58,58,58,58,middle_close
58,58,58,58,58,middle_close
58,58,58,58,58,middle_close
58,58,60,58,58,middle_close
58,58,58,56,56,middle_close
56,56,56,56,56,middle_close
56,56,56,56,56,middle_close
56,54,54,54,54,middle_close
54,54,54,54,54,middle_close
56,56,56,58,58,middle_close
58,58,58,58,58,middle_close
58,58,58,56,56,middle_close
56,56,56,56,56,middle_close
56,56,54,54,54,middle_close
54,52,52,50,50,middle_close
50,50,50,50,50,middle_close
50,50,50,50,48,middle_close
48,46,46,44,44,middle_close
44,44,44,44,44,middle_close
42,42,42,40,40,middle_close
38,36,38,36,36,middle_close
36,36,36,36,36,middle_close
34,34,34,34,34,middle_close
34,34,34,34,34,middle_close
34,34,34,34,32,middle_close
34,34,34,34,32,middle_close
32,32,32,32,32,middle_close
32,32,32,32,32,middle_close
34,34,34,34,34,middle_close
34,36,36,36,36,middle_close
36,36,36,36,36,middle_close
38,38,38,40,40,middle_close
40,40,40,40,40,middle_close
40,40,40,40,40,middle_close
40,40,38,38,38,middle_close
36,36,36,36,36,middle_close
36,36,36,36,36,middle_close
36,36,36,36,36,middle_close
36,36,36,36,36,middle_close
36,36,36,36,36,middle_close
36,36,36,36,36,middle_close
36,36,36,36,36,middle_close
38,38,38,38,38,middle_close
38,38,38,40,38,middle_close
40,40,40,42,42,middle_close
42,42,42,44,44,middle_close
44,44,44,44,42,middle_close
42,42,42,42,42,middle_close
42,42,44,44,44,middle_close
42,42,42,42,42,middle_close
42,40,40,40,40,middle_close
40,40,40,40,40,middle_close
40,40,40,40,38,middle_close
38,38,38,36,36,middle_close
36,36,34,34,34,middle_close
34,34,34,34,34,middle_close
34,32,32,32,30,middle_close
30,30,28,28,28,middle_close
28,28,28,28,28,middle_close
28,28,28,28,28,middle_close
26,26,26,26,26,middle_close
26,26,26,26,26,middle_close
26,26,26,26,26,middle_close
26,26,26,26,26,middle_close
26,26,26,26,26,middle_close
26,26,26,26,26,middle_close
26,26,26,24,24,middle_close
24,24,24,24,22,middle_close
24,22,24,24,24,middle_close
24,22,22,22,22,middle_close
22,22,20,20,20,middle_close
20,20,20,20,20,middle_close
20,20,20,20,20,middle_close
18,18,18,18,18,middle_close
18,18,18,18,18,middle_close
18,18,18,18,18,middle_close
20,20,20,20,20,middle_close
20,20,20,20,20,middle_close
20,20,20,20,20,middle_close
20,20,20,20,20,middle_close
20,20,20,20,20,middle_close
20,20,20,20,20,middle_close
20,20,20,20,20,middle_close
20,20,20,20,20,middle_close
20,20,20,20,20,middle_close
20,20,20,20,20,middle_close
20,20,20,20,20,middle_close
20,20,20,20,20,middle_close
20,20,18,18,18,middle_close
18,18,18,18,18,middle_close
18,18,18,18,18,middle_close
18,18,18,18,18,middle_close
18,18,18,18,18,middle_close
16,16,16,16,16,middle_close
14,14,14,14,14,middle_close
14,14,14,14,12,middle_close
14,12,12,12,12,middle_close
12,12,12,12,12,middle_close
12,12,12,12,12,middle_close
12,14,14,14,14,middle_close
14,14,14,14,14,middle_close
14,14,12,12,12,middle_close
12,12,12,12,12,middle_close
12,12,12,12,12,middle_close
12,12,12,12,12,middle_close
12,12,12,12,12,middle_close
12,12,12,12,12,middle_close
12,10,12,12,12,middle_close
12,12,10,12,10,middle_close
10,10,10,10,10,middle_close
12,12,12,12,12,middle_close
12,12,12,12,12,middle_close
12,12,12,12,12,middle_close
12,12,12,12,12,middle_close
12,12,12,12,12,middle_close
12,12,12,12,12,middle_close
12,12,12,12,12,middle_close
12,12,12,12,12,middle_close
12,12,12,12,12,middle_close
12,12,12,12,12,middle_close
12,12,12,14,14,middle_close
14,14,14,14,14,middle_close
14,14,14,14,14,middle_close
14,14,14,14,14,middle_close
14,14,14,14,14,middle_close
14,14,14,14,14,middle_close
14,14,14,14,14,middle_close
14,14,14,14,14,middle_close
14,14,14,14,14,middle_close
14,14,14,14,14,middle_close
14,14,14,14,14,middle_close
14,14,14,14,14,middle_close
14,14,14,14,14,middle_close
14,14,14,14,14,middle_close
14,14,14,14,16,middle_close
16,16,16,16,16,middle_close
16,16,16,14,14,middle_close
14,14,14,14,14,middle_close
14,14,14,14,14,middle_close
14,14,14,14,14,middle_close
14,14,14,14,14,middle_close
14,14,14,14,14,middle_close
14,14,14,14,14,middle_close
14,14,14,14,14,middle_close
14,14,14,14,14,middle_close
14,14,14,14,14,middle_close
14,14,14,12,12,middle_close
12,12,12,12,12,middle_close
12,12,12,12,12,middle_close
12,12,12,12,12,middle_close
12,12,12,12,12,middle_close
12,12,12,12,12,middle_close
12,12,10,10,10,middle_close
10,10,10,10,12,middle_close
10,12,12,10,12,middle_close
10,10,10,10,10,middle_close
10,10,10,10,10,middle_close
10,10,10,10,10,middle_close
10,10,10,10,10,middle_close
10,10,10,10,10,middle_close
10,10,10,10,10,middle_close
10,10,10,10,10,middle_close
10,10,10,10,10,middle_close
10,10,12,12,12,middle_close
12,12,12,12,12,middle_close
12,12,12,12,12,middle_close
12,12,12,12,12,middle_close
12,12,12,12,12,middle_close
12,12,12,12,12,middle_close
12,12,12,12,12,middle_close
12,12,12,12,12,middle_close
12,12,12,12,14,middle_close
12,12,12,12,12,middle_close
12,12,12,12,12,middle_close
12,12,12,12,12,middle_close
12,12,12,12,12,middle_close
12,12,12,12,12,middle_close
12,12,12,12,12,middle_close
12,12,12,12,14,middle_close
12,14,14,14,14,middle_close
14,14,14,14,14,middle_close
14,14,14,14,14,middle_close
14,14,14,14,14,middle_close
14,14,16,16,16,middle_close
16,16,16,16,16,middle_close
16,16,16,16,16,middle_close
16,16,16,16,16,middle_close
14,14,14,14,14,middle_close
14,14,14,14,14,middle_close
14,14,14,14,14,middle_close
14,14,14,14,14,middle_close
14,14,16,16,16,middle_close
16,16,16,16,16,middle_close
16,16,16,16,16,middle_close
14,16,16,16,16,middle_close
16,16,16,16,16,middle_close
16,16,16,16,16,middle_close
16,16,16,16,16,middle_close
16,18,18,18,18,middle_close
18,18,20,20,20,middle_close
20,20,20,20,20,middle_close
20,20,20,20,20,middle_close
26,26,26,26,26,ring_close
26,26,26,26,26,ring_close
26,26,26,26,26,ring_close
26,26,28,28,28,ring_close
28,28,28,28,28,ring_close
28,28,30,30,30,ring_close
30,30,30,30,30,ring_close
30,30,30,30,30,ring_close
30,30,30,30,30,ring_close
28,28,28,28,28,ring_close
30,28,30,30,30,ring_close
30,30,30,30,30,ring_close
30,30,32,32,32,ring_close
32,32,32,32,32,ring_close
32,32,34,34,34,ring_close
36,36,36,36,36,ring_close
38,38,38,38,38,ring_close
38,38,38,38,38,ring_close
38,38,38,38,38,ring_close
38,38,40,40,40,ring_close
40,40,40,40,40,ring_close
40,40,40,40,40,ring_close
40,40,40,40,40,ring_close
40,40,40,40,40,ring_close
40,40,40,38,38,ring_close
38,38,38,38,38,ring_close
38,38,38,38,38,ring_close
38,38,38,38,38,ring_close
38,38,38,38,38,ring_close
36,36,36,36,36,ring_close
36,36,36,36,36,ring_close
34,34,34,34,34,ring_close
34,34,34,34,34,ring_close
34,34,34,34,34,ring_close
34,34,34,34,34,ring_close
34,34,34,34,34,ring_close
34,34,34,34,34,ring_close
34,34,36,34,34,ring_close
34,34,34,32,32,ring_close
32,32,32,32,32,ring_close
32,32,30,30,30,ring_close
30,28,28,28,28,ring_close
28,26,28,26,26,ring_close
28,28,28,28,28,ring_close
26,26,26,26,26,ring_close
26,26,26,26,26,ring_close
26,24,24,24,24,ring_close
24,24,24,24,24,ring_close
24,24,24,24,24,ring_close
24,24,24,24,24,ring_close
24,24,26,26,26,ring_close
26,26,26,26,26,ring_close
26,26,26,26,26,ring_close
26,26,26,26,28,ring_close
28,28,28,28,28,ring_close
28,28,28,28,28,ring_close
28,30,28,30,30,ring_close
30,30,30,32,32,ring_close
30,32,30,30,30,ring_close
30,30,30,30,32,ring_close
32,32,32,30,30,ring_close
30,30,30,30,30,ring_close
30,30,30,30,30,ring_close
28,28,28,28,28,ring_close
28,28,28,28,28,ring_close
30,30,30,30,30,ring_close
30,30,30,30,30,ring_close
30,30,30,30,30,ring_close
32,30,32,32,34,ring_close
34,34,34,34,34,ring_close
36,36,38,38,40,ring_close
40,40,42,42,42,ring_close
44,44,44,44,44,ring_close
44,44,46,46,46,ring_close
46,46,46,46,46,ring_close
46,46,44,44,44,ring_close
44,44,44,44,44,ring_close
44,44,44,44,44,ring_close
44,44,44,44,44,ring_close
44,44,44,44,44,ring_close
44,44,44,44,44,ring_close
44,44,44,44,44,ring_close
42,42,42,42,42,ring_close
42,42,42,42,42,ring_close
40,40,40,40,40,ring_close
40,40,40,40,40,ring_close
40,40,42,42,42,ring_close
44,44,46,46,46,ring_close
48,48,48,48,48,ring_close
50,50,52,54,54,ring_close
56,56,58,58,58,ring_close
58,58,58,58,58,ring_close
58,58,58,58,58,ring_close
58,58,58,58,58,ring_close
56,54,54,52,52,ring_close
52,52,52,52,52,ring_close
50,50,48,46,46,ring_close
46,46,44,44,44,ring_close
44,44,42,42,42,ring_close
42,42,42,42,42,ring_close
42,42,42,42,42,ring_close
42,42,42,42,42,ring_close
42,42,42,42,42,ring_close
42,42,42,42,42,ring_close
42,40,42,42,42,ring_close
42,42,40,40,40,ring_close
40,40,40,40,40,ring_close
40,40,40,40,40,ring_close
40,40,40,40,40,ring_close
40,40,42,42,42,ring_close
42,42,42,42,42,ring_close
42,42,42,42,42,ring_close
42,42,40,40,40,ring_close
38,38,38,38,38,ring_close
38,38,38,36,36,ring_close
32,32,32,30,30,ring_close
30,28,28,28,28,ring_close
28,26,26,26,26,ring_close
26,26,26,26,26,ring_close
24,24,24,24,24,ring_close
24,24,24,24,24,ring_close
24,24,24,24,24,ring_close
24,24,24,24,24,ring_close
24,24,24,24,24,ring_close
24,24,24,26,24,ring_close
26,26,26,26,26,ring_close
26,26,26,26,26,ring_close
26,26,28,28,28,ring_close
30,30,30,30,30,ring_close
30,30,30,30,30,ring_close
30,30,30,30,30,ring_close
30,30,30,30,30,ring_close
32,32,32,32,32,ring_close
34,34,34,34,34,ring_close
34,34,34,34,34,ring_close
34,34,34,34,34,ring_close
34,34,34,34,34,ring_close
34,34,36,36,36,ring_close
36,36,36,36,36,ring_close
36,36,36,36,36,ring_close
36,34,34,36,36,ring_close
36,36,36,36,36,ring_close
36,36,36,36,36,ring_close
38,38,38,38,40,ring_close
40,40,40,40,40,ring_close
42,42,42,42,42,ring_close
42,42,42,42,42,ring_close
42,42,42,42,42,ring_close
42,42,42,42,42,ring_close
42,42,42,42,42,ring_close
42,42,42,42,42,ring_close
42,40,40,40,40,ring_close
40,40,40,40,40,ring_close
38,38,38,36,36,ring_close
36,36,36,36,36,ring_close
36,36,36,36,36,ring_close
36,36,36,36,36,ring_close
36,36,36,34,34,ring_close
34,34,34,34,34,ring_close
34,34,34,34,32,ring_close
32,32,32,32,32,ring_close
34,34,34,34,34,ring_close
34,36,34,36,36,ring_close
34,34,34,34,34,ring_close
34,32,32,32,32,ring_close
32,32,32,32,32,ring_close
32,32,30,30,30,ring_close
30,30,30,28,30,ring_close
30,30,30,30,30,ring_close
28,28,28,28,30,ring_close
28,28,28,28,28,ring_close
28,28,28,28,28,ring_close
28,28,28,28,28,ring_close
28,28,28,28,28,ring_close
28,28,28,28,28,ring_close
28,28,28,28,28,ring_close
30,30,30,30,30,ring_close
30,30,30,30,30,ring_close
30,30,30,30,30,ring_close
32,32,32,32,32,ring_close
32,32,32,32,32,ring_close
32,32,32,32,32,ring_close
32,32,32,32,32,ring_close
32,32,32,32,32,ring_close
32,32,32,30,32,ring_close
30,30,30,30,30,ring_close
30,30,30,28,28,ring_close
28,26,26,26,26,ring_close
24,24,24,24,24,ring_close
24,24,24,24,24,ring_close
24,24,24,24,24,ring_close
22,22,22,22,22,ring_close
22,22,22,22,22,ring_close
20,20,20,20,20,ring_close
20,20,20,18,18,ring_close
18,18,16,18,18,ring_close
18,18,18,18,18,ring_close
18,18,18,18,18,ring_close
18,18,18,18,18,ring_close
18,18,18,18,18,ring_close
18,18,20,20,22,ring_close
22,22,22,24,24,ring_close
24,24,24,24,24,ring_close
24,24,24,24,24,ring_close
26,26,26,24,24,ring_close
24,24,24,24,24,ring_close
24,24,24,24,24,ring_close
24,24,24,24,24,ring_close
24,24,24,24,24,ring_close
24,24,24,24,24,ring_close
24,24,24,24,24,ring_close
24,24,24,24,24,ring_close
24,24,24,24,24,ring_close
24,24,24,24,24,ring_close
24,24,24,24,24,ring_close
24,24,26,26,26,ring_close
26,26,26,26,26,ring_close
26,26,28,28,28,ring_close
28,28,28,28,28,ring_close
28,28,28,28,28,ring_close
28,28,30,30,30,ring_close
30,30,30,30,30,ring_close
30,30,30,30,30,ring_close
30,30,32,32,32,ring_close
32,32,32,32,32,ring_close
32,32,32,30,30,ring_close
30,30,28,28,28,ring_close
26,26,26,26,26,ring_close
26,26,26,24,24,ring_close
24,24,24,24,24,ring_close
24,24,24,24,24,ring_close
24,24,26,26,26,ring_close
26,26,26,26,26,ring_close
26,28,28,28,28,ring_close
28,28,28,28,28,ring_close
28,28,28,28,28,ring_close
30,30,30,30,30,ring_close
30,30,30,30,32,ring_close
32,32,34,34,36,ring_close
36,36,36,36,36,ring_close
36,38,38,36,38,ring_close
38,38,38,38,38,ring_close
38,38,40,40,40,ring_close
40,40,42,42,42,ring_close
42,42,42,42,44,ring_close
44,46,46,46,48,ring_close
48,48,48,48,48,ring_close
48,50,50,50,50,ring_close
50,50,50,50,50,ring_close
48,48,48,48,48,ring_close
48,48,48,48,48,ring_close
48,48,50,50,50,ring_close
50,50,50,50,50,ring_close
50,50,50,50,52,ring_close
52,52,52,52,52,ring_close
52,52,52,52,52,ring_close
52,52,52,52,52,ring_close
52,52,50,50,50,ring_close
50,50,52,52,52,ring_close
52,52,52,52,52,ring_close
52,52,52,52,52,ring_close
52,52,50,50,50,ring_close
50,50,50,50,50,ring_close
50,50,50,50,48,ring_close
48,48,48,48,48,ring_close
48,48,48,48,48,ring_close
50,50,50,50,50,ring_close
50,50,50,50,50,ring_close
50,48,48,48,48,ring_close
46,46,46,46,46,ring_close
46,46,44,44,44,ring_close
42,42,42,40,42,ring_close
42,42,42,42,42,ring_close
42,42,42,42,42,ring_close
44,44,46,46,48,ring_close
48,48,48,50,50,ring_close
50,50,50,50,50,ring_close
50,50,50,50,50,ring_close
50,50,50,50,50,ring_close
50,50,48,48,48,ring_close
48,48,48,48,48,ring_close
48,48,48,48,48,ring_close
48,48,48,48,48,ring_close
50,50,50,50,50,ring_close
50,48,48,48,48,ring_close
48,50,50,50,50,ring_close
50,50,50,50,50,ring_close
50,50,50,50,50,ring_close
50,50,48,48,48,ring_close
48,48,48,46,46,ring_close
46,46,44,44,44,ring_close
44,44,44,42,42,ring_close
42,40,40,40,40,ring_close
40,40,40,40,40,ring_close
40,38,38,38,38,ring_close
38,38,38,38,38,ring_close
38,38,38,38,38,ring_close
38,36,36,36,36,ring_close
36,36,36,36,36,ring_close
34,34,34,32,32,ring_close
30,30,28,28,28,ring_close
28,26,28,26,26,ring_close
26,28,26,26,26,ring_close
26,26,26,26,26,ring_close
26,28,28,28,28,ring_close
28,28,28,28,28,ring_close
28,28,28,28,28,ring_close
28,28,28,28,28,ring_close
28,28,28,26,26,ring_close
26,26,26,26,26,ring_close
26,26,26,26,26,ring_close
28,28,30,30,30,ring_close
32,32,32,32,32,ring_close
34,34,36,36,38,ring_close
40,40,40,42,42,ring_close
44,44,44,44,46,ring_close
46,46,46,46,48,ring_close
48,48,48,48,48,ring_close
48,48,48,48,48,ring_close
48,48,48,48,48,ring_close
48,48,48,48,48,ring_close
48,48,48,48,48,ring_close
48,48,48,48,48,ring_close
46,46,46,46,46,ring_close
46,46,46,46,46,ring_close
44,44,44,44,44,ring_close
44,44,44,44,44,ring_close
44,44,42,42,42,ring_close
42,42,42,42,42,ring_close
42,40,40,40,40,ring_close
40,38,38,38,38,ring_close
38,38,38,38,38,ring_close
38,38,36,38,36,ring_close
36,36,36,36,36,ring_close
36,36,36,36,36,ring_close
36,36,36,36,36,ring_close
36,34,36,34,34,ring_close
34,34,34,34,34,ring_close
34,34,32,32,32,ring_close
30,30,30,30,30,ring_close
30,30,30,30,30,ring_close
30,30,30,30,30,ring_close
28,28,28,28,28,ring_close
26,26,26,26,26,ring_close
26,26,26,26,26,ring_close
26,26,28,28,28,ring_close
28,28,28,28,28,ring_close
28,28,28,28,28,ring_close
30,30,30,30,30,ring_close
30,30,30,30,30,ring_close
30,30,30,30,30,ring_close
30,30,30,30,32,ring_close
32,32,34,34,34,ring_close
34,34,34,36,36,ring_close
36,36,36,36,36,ring_close
36,36,36,36,36,ring_close
36,36,36,36,36,ring_close
36,36,38,38,38,ring_close
38,38,38,38,38,ring_close
38,38,40,40,40,ring_close
40,40,40,40,40,ring_close
40,40,40,40,40,ring_close
40,40,38,38,38,ring_close
36,36,36,34,34,ring_close
34,34,34,32,32,ring_close
30,30,30,28,28,ring_close
26,26,26,24,24,ring_close
24,24,24,24,24,ring_close
26,26,26,26,26,ring_close
28,28,26,26,28,ring_close
28,28,28,30,30,ring_close
30,30,30,30,30,ring_close
30,32,32,32,32,ring_close
32,32,32,32,32,ring_close
32,32,32,32,32,ring_close
32,32,34,34,34,ring_close
36,36,38,38,38,ring_close
36,38,38,38,38,ring_close
38,38,38,38,38,ring_close
38,38,38,38,38,ring_close
38,38,38,38,38,ring_close
38,38,40,40,40,ring_close
40,40,40,40,40,ring_close
40,40,38,38,38,ring_close
38,38,38,38,38,ring_close
38,38,36,36,36,ring_close
36,38,38,38,38,ring_close
40,40,40,42,42,ring_close
42,42,42,42,44,ring_close
44,44,46,46,48,ring_close
48,48,50,50,50,ring_close
50,50,50,50,50,ring_close
50,52,50,50,50,ring_close
50,50,50,50,50,ring_close
48,48,48,48,48,ring_close
48,48,48,46,46,ring_close
46,46,44,44,44,ring_close
44,44,44,42,42,ring_close
42,42,42,42,42,ring_close
40,40,40,40,40,ring_close
40,40,40,38,38,ring_close
38,38,36,34,34,ring_close
34,34,34,34,32,ring_close
32,32,30,30,30,ring_close
28,28,28,28,26,ring_close
26,26,26,26,26,ring_close
26,26,26,26,26,ring_close
26,26,26,26,26,ring_close
26,26,26,26,26,ring_close
26,26,26,26,26,ring_close
26,28,28,28,28,ring_close
28,28,28,28,28,ring_close
26,26,26,24,24,ring_close
24,24,24,24,24,ring_close
24,24,24,22,22,ring_close
22,20,20,20,20,ring_close
20,20,20,20,18,ring_close
18,18,18,18,18,ring_close
18,20,20,20,20,ring_close
20,18,18,18,18,ring_close
18,18,18,18,18,ring_close
18,18,18,18,18,ring_close
18,18,18,18,18,ring_close
18,18,18,18,18,ring_close
18,18,18,18,18,ring_close
18,18,20,20,20,ring_close
20,20,20,20,20,ring_close
20,20,20,20,20,ring_close
20,20,20,20,20,ring_close
20,20,20,20,20,ring_close
20,20,20,20,20,ring_close
20,20,20,20,20,ring_close
20,20,20,20,20,ring_close
20,20,20,18,18,ring_close
18,18,18,18,18,ring_close
18,18,18,18,18,ring_close
18,18,18,18,18,ring_close
18,18,18,18,18,ring_close
18,18,18,20,18,ring_close
18,18,18,18,18,ring_close
18,18,18,18,18,ring_close
18,18,18,18,18,ring_close
18,18,20,20,20,ring_close
20,20,20,20,20,ring_close
20,20,20,20,20,ring_close
20,22,22,22,22,ring_close
22,22,22,22,22,ring_close
22,22,22,22,22,ring_close
22,22,24,22,24,ring_close
24,24,24,24,24,ring_close
24,24,24,24,24,ring_close
24,24,24,22,22,ring_close
24,22,24,24,24,ring_close
24,24,24,24,24,ring_close
24,24,24,24,24,ring_close
24,24,24,24,24,ring_close
26,26,24,24,24,ring_close
26,26,26,26,26,ring_close
26,26,26,26,26,ring_close
26,26,26,26,26,ring_close
26,26,26,26,26,ring_close
26,26,26,26,26,ring_close
26,26,26,26,24,ring_close
24,24,24,24,24,ring_close
24,22,22,22,22,ring_close
22,22,22,22,22,ring_close
20,20,20,20,20,ring_close
20,20,20,20,20,ring_close
20,20,18,20,20,ring_close
20,20,20,20,18,ring_close
18,18,18,18,18,ring_close
18,18,18,18,18,ring_close
18,18,18,18,18,ring_close
18,18,18,18,18,ring_close
18,20,18,18,18,ring_close
20,20,20,20,20,ring_close
22,22,22,22,22,ring_close
24,24,24,24,24,ring_close
24,24,24,24,26,ring_close
26,26,26,26,26,ring_close
26,28,28,28,28,ring_close
26,28,26,26,26,ring_close
26,26,26,26,28,ring_close
28,26,28,28,28,ring_close
28,28,28,28,28,ring_close
28,28,28,28,28,ring_close
28,28,28,28,28,ring_close
28,28,30,30,30,ring_close
32,32,32,32,32,ring_close
32,32,34,34,34,ring_close
36,36,36,36,38,ring_close
38,38,38,38,38,ring_close
40,40,40,40,40,ring_close
40,40,40,40,40,ring_close
40,40,40,40,40,ring_close
40,40,40,42,42,ring_close
42,42,42,40,42,ring_close
42,42,42,42,42,ring_close
42,42,42,42,42,ring_close
12,12,12,12,12,pinky_close
12,12,12,12,12,pinky_close
12,12,12,12,12,pinky_close
14,14,14,14,14,pinky_close
14,14,14,14,14,pinky_close
14,14,14,14,14,pinky_close
14,14,14,14,14,pinky_close
14,14,14,14,14,pinky_close
14,14,14,14,14,pinky_close
16,16,16,16,16,pinky_close
16,16,16,16,16,pinky_close
16,16,16,16,16,pinky_close
16,16,16,16,16,pinky_close
16,18,18,18,18,pinky_close
18,18,18,18,18,pinky_close
18,18,16,16,16,pinky_close
16,16,16,16,16,pinky_close
16,16,16,16,18,pinky_close
18,18,18,18,18,pinky_close
18,18,18,18,18,pinky_close
18,18,18,18,18,pinky_close
18,18,18,18,18,pinky_close
18,18,18,18,18,pinky_close
18,18,18,18,18,pinky_close
18,16,18,16,18,pinky_close
16,18,16,16,16,pinky_close
16,16,16,16,16,pinky_close
16,16,16,16,16,pinky_close
16,16,16,16,16,pinky_close
16,16,16,16,16,pinky_close
16,16,14,14,14,pinky_close
14,14,14,14,14,pinky_close
14,14,14,14,14,pinky_close
14,14,14,14,14,pinky_close
14,14,14,12,12,pinky_close
12,14,12,12,12,pinky_close
12,12,12,12,12,pinky_close
12,12,12,12,12,pinky_close
12,12,12,12,12,pinky_close
12,12,12,12,12,pinky_close
12,12,12,12,12,pinky_close
12,12,12,12,12,pinky_close
12,12,12,12,12,pinky_close
12,12,12,12,12,pinky_close
12,12,12,12,12,pinky_close
14,14,14,14,14,pinky_close
14,14,14,14,14,pinky_close
14,14,14,14,14,pinky_close
14,14,14,14,14,pinky_close
14,14,14,14,14,pinky_close
14,14,14,14,14,pinky_close
14,14,14,14,14,pinky_close
14,14,14,14,14,pinky_close
14,14,14,14,14,pinky_close
14,14,14,14,14,pinky_close
14,14,14,14,14,pinky_close
14,14,14,14,14,pinky_close
14,14,12,12,12,pinky_close
12,12,12,12,12,pinky_close
14,14,14,12,12,pinky_close
12,12,14,14,14,pinky_close
14,12,12,12,12,pinky_close
12,12,12,12,12,pinky_close
12,12,12,12,12,pinky_close
12,12,12,14,14,pinky_close
14,14,14,14,14,pinky_close
14,14,14,14,14,pinky_close
14,14,14,14,14,pinky_close
14,14,14,14,14,pinky_close
14,14,14,14,14,pinky_close
14,14,14,14,14,pinky_close
14,12,12,12,12,pinky_close
12,12,12,12,12,pinky_close
12,12,12,12,12,pinky_close
12,12,12,12,12,pinky_close
12,12,12,12,12,pinky_close
12,12,12,12,12,pinky_close
12,12,12,12,12,pinky_close
12,12,12,12,12,pinky_close
12,12,12,12,12,pinky_close
12,12,12,12,12,pinky_close
12,12,12,12,12,pinky_close
12,12,12,12,12,pinky_close
12,12,14,14,14,pinky_close
14,14,14,12,14,pinky_close
14,14,14,14,14,pinky_close
14,14,14,14,14,pinky_close
14,14,14,14,14,pinky_close
14,14,14,12,14,pinky_close
14,14,14,14,14,pinky_close
14,12,12,12,12,pinky_close
12,12,12,12,12,pinky_close
12,12,12,12,12,pinky_close
12,12,12,12,12,pinky_close
12,10,10,10,10,pinky_close
10,10,10,10,10,pinky_close
10,10,10,10,10,pinky_close
10,10,10,10,10,pinky_close
10,10,10,10,10,pinky_close
10,10,10,10,10,pinky_close
10,10,10,10,12,pinky_close
12,12,12,12,10,pinky_close
10,10,10,10,10,pinky_close
10,10,10,10,10,pinky_close
10,10,12,12,12,pinky_close
12,12,10,10,10,pinky_close
10,10,10,10,10,pinky_close
10,10,10,10,10,pinky_close
10,10,10,10,10,pinky_close
10,10,10,10,10,pinky_close
10,10,10,10,10,pinky_close
10,10,10,10,10,pinky_close
10,10,10,10,10,pinky_close
10,10,10,10,10,pinky_close
10,10,10,10,10,pinky_close
10,10,10,10,10,pinky_close
10,10,10,10,10,pinky_close
10,10,10,10,10,pinky_close
10,10,10,10,10,pinky_close
10,10,10,10,10,pinky_close
10,10,10,10,10,pinky_close
10,10,10,10,10,pinky_close
10,10,10,10,10,pinky_close
10,10,10,10,10,pinky_close
8,8,8,8,8,pinky_close
8,8,8,8,8,pinky_close
8,8,8,8,8,pinky_close
8,8,8,8,8,pinky_close
8,8,8,8,8,pinky_close
8,8,8,8,8,pinky_close
8,8,8,8,8,pinky_close
8,8,8,8,8,pinky_close
6,8,6,6,6,pinky_close
6,6,6,6,6,pinky_close
6,6,6,6,6,pinky_close
6,6,6,6,6,pinky_close
6,6,6,6,6,pinky_close
6,6,6,6,6,pinky_close
6,6,6,6,8,pinky_close
8,8,8,8,8,pinky_close
8,8,8,8,8,pinky_close
8,8,8,6,8,pinky_close
8,8,8,8,8,pinky_close
8,8,8,8,8,pinky_close
8,8,8,6,8,pinky_close
6,6,8,8,8,pinky_close
8,8,8,8,8,pinky_close
8,8,8,8,8,pinky_close
8,8,8,8,8,pinky_close
8,8,8,8,8,pinky_close
8,8,8,8,8,pinky_close
8,8,8,8,8,pinky_close
8,8,8,8,8,pinky_close
8,10,10,10,10,pinky_close
10,10,10,10,10,pinky_close
10,10,10,10,10,pinky_close
10,10,10,10,10,pinky_close
10,10,10,10,10,pinky_close
10,10,10,10,10,pinky_close
10,10,10,10,10,pinky_close
10,10,10,10,10,pinky_close
10,10,10,10,10,pinky_close
10,10,10,10,10,pinky_close
10,10,10,10,10,pinky_close
10,10,10,10,10,pinky_close
10,10,10,10,10,pinky_close
10,10,10,10,10,pinky_close
10,10,10,8,8,pinky_close
8,8,8,8,8,pinky_close
10,10,10,10,10,pinky_close
10,10,10,10,10,pinky_close
10,10,10,10,10,pinky_close
10,10,10,10,10,pinky_close
10,10,10,10,10,pinky_close
10,10,10,10,10,pinky_close
10,10,10,10,10,pinky_close
10,10,10,10,10,pinky_close
10,10,10,10,10,pinky_close
10,10,10,8,8,pinky_close
8,8,8,8,8,pinky_close
8,8,8,8,8,pinky_close
8,8,8,8,8,pinky_close
8,8,8,8,8,pinky_close
8,8,8,8,8,pinky_close
8,8,8,8,8,pinky_close
8,8,8,8,8,pinky_close
8,8,8,8,8,pinky_close
8,8,8,8,8,pinky_close
8,8,8,8,8,pinky_close
8,8,10,10,10,pinky_close
10,10,10,10,10,pinky_close
10,10,10,10,10,pinky_close
10,10,10,10,10,pinky_close
10,10,10,10,10,pinky_close
10,10,12,10,10,pinky_close
10,10,10,10,10,pinky_close
10,10,10,10,10,pinky_close
10,10,10,10,10,pinky_close
10,10,10,10,10,pinky_close
10,10,10,10,10,pinky_close
10,10,10,10,10,pinky_close
10,10,10,10,10,pinky_close
10,10,10,10,10,pinky_close
10,10,12,12,12,pinky_close
12,12,12,12,12,pinky_close
12,12,12,12,12,pinky_close
12,12,12,12,12,pinky_close
12,12,12,12,12,pinky_close
12,14,14,14,14,pinky_close
12,12,12,12,14,pinky_close
14,14,14,14,14,pinky_close
14,12,12,12,12,pinky_close
12,12,12,12,12,pinky_close
12,12,12,12,12,pinky_close
12,12,12,12,12,pinky_close
12,12,12,12,12,pinky_close
12,12,12,12,12,pinky_close
12,12,12,12,12,pinky_close
12,12,12,12,12,pinky_close
12,12,14,12,14,pinky_close
14,14,14,14,14,pinky_close
14,14,14,14,14,pinky_close
14,14,14,14,14,pinky_close
14,14,14,14,14,pinky_close
14,14,14,14,14,pinky_close
14,14,14,14,14,pinky_close
14,14,14,12,12,pinky_close
12,12,12,12,12,pinky_close
12,12,12,12,12,pinky_close
12,12,14,14,14,pinky_close
14,14,14,14,14,pinky_close
14,14,14,14,14,pinky_close
14,14,14,14,14,pinky_close
14,14,14,14,14,pinky_close
14,14,14,14,14,pinky_close
14,14,14,14,14,pinky_close
14,14,14,14,14,pinky_close
14,14,14,14,14,pinky_close
14,14,14,14,14,pinky_close
14,14,14,14,16,pinky_close
16,16,16,16,16,pinky_close
16,16,16,16,16,pinky_close
16,16,16,16,16,pinky_close
14,14,14,14,14,pinky_close
14,14,16,14,14,pinky_close
14,14,14,14,14,pinky_close
14,14,14,14,14,pinky_close
14,14,14,14,14,pinky_close
14,14,14,14,14,pinky_close
14,14,14,14,14,pinky_close
14,14,14,14,14,pinky_close
14,14,14,14,14,pinky_close
14,14,14,14,14,pinky_close
14,14,14,14,14,pinky_close
14,14,16,16,16,pinky_close
16,16,16,16,16,pinky_close
16,16,16,16,16,pinky_close
16,16,16,16,16,pinky_close
18,16,18,16,18,pinky_close
18,18,18,18,18,pinky_close
18,18,18,18,18,pinky_close
18,18,18,18,18,pinky_close
18,18,20,20,20,pinky_close
20,20,20,20,20,pinky_close
20,20,20,20,20,pinky_close
20,20,20,20,20,pinky_close
22,22,22,22,22,pinky_close
22,24,24,24,24,pinky_close
24,24,24,24,24,pinky_close
24,24,24,24,24,pinky_close
24,24,24,24,24,pinky_close
22,22,22,22,22,pinky_close
22,22,22,22,22,pinky_close
22,22,22,22,22,pinky_close
22,22,22,22,22,pinky_close
22,22,22,22,22,pinky_close
22,22,22,22,22,pinky_close
22,22,22,22,22,pinky_close
22,22,22,22,22,pinky_close
22,20,20,20,20,pinky_close
20,20,20,20,20,pinky_close
20,20,20,20,20,pinky_close
20,20,20,20,20,pinky_close
20,20,22,22,22,pinky_close
22,22,22,22,22,pinky_close
22,22,22,22,22,pinky_close
22,22,24,24,24,pinky_close
24,24,24,22,22,pinky_close
22,22,22,20,20,pinky_close
20,20,20,20,20,pinky_close
20,20,20,20,20,pinky_close
20,20,20,18,18,pinky_close
18,18,16,16,16,pinky_close
16,16,16,16,16,pinky_close
16,16,16,16,16,pinky_close
16,16,16,16,16,pinky_close
16,16,16,16,16,pinky_close
16,16,16,16,16,pinky_close
16,16,16,16,16,pinky_close
16,16,16,16,16,pinky_close
16,16,16,16,16,pinky_close
16,16,16,16,16,pinky_close
16,16,16,16,16,pinky_close
16,16,16,16,16,pinky_close
16,16,16,16,16,pinky_close
16,18,18,18,18,pinky_close
18,18,18,18,18,pinky_close
18,18,18,18,18,pinky_close
18,18,18,18,18,pinky_close
16,16,16,16,16,pinky_close
16,16,16,16,16,pinky_close
16,16,14,14,14,pinky_close
14,14,14,14,14,pinky_close
14,14,14,14,14,pinky_close
14,14,14,14,14,pinky_close
14,14,14,14,14,pinky_close
14,14,14,14,14,pinky_close
14,14,14,14,14,pinky_close
14,14,14,14,16,pinky_close
16,16,16,16,16,pinky_close
16,18,18,18,18,pinky_close
18,18,18,18,18,pinky_close
18,18,18,18,18,pinky_close
18,18,18,18,18,pinky_close
18,20,20,20,20,pinky_close
20,20,20,20,20,pinky_close
20,20,20,20,20,pinky_close
20,20,20,20,20,pinky_close
20,20,20,20,20,pinky_close
20,20,20,20,20,pinky_close
20,20,20,20,20,pinky_close
20,20,20,20,20,pinky_close
20,18,18,18,18,pinky_close
18,20,18,18,18,pinky_close
18,18,18,18,18,pinky_close
18,18,18,16,16,pinky_close
16,16,16,16,18,pinky_close
18,18,18,18,18,pinky_close
18,18,18,18,18,pinky_close
18,18,18,18,18,pinky_close
18,18,18,18,18,pinky_close
18,18,18,18,18,pinky_close
18,18,18,18,18,pinky_close
18,18,18,18,18,pinky_close
18,18,16,16,16,pinky_close
16,16,16,16,14,pinky_close
14,14,14,14,14,pinky_close
16,14,14,14,14,pinky_close
16,16,16,16,16,pinky_close
16,16,16,14,14,pinky_close
14,14,14,14,16,pinky_close
14,16,16,16,16,pinky_close
16,16,16,16,16,pinky_close
16,16,16,16,16,pinky_close
16,16,16,16,16,pinky_close
16,16,16,16,16,pinky_close
16,16,16,16,16,pinky_close
16,16,16,16,16,pinky_close
16,16,16,16,16,pinky_close
16,16,16,16,16,pinky_close
16,16,16,16,16,pinky_close
16,16,16,18,18,pinky_close
18,18,18,18,20,pinky_close
20,20,20,20,20,pinky_close
20,22,22,22,22,pinky_close
22,22,22,22,22,pinky_close
22,22,22,22,22,pinky_close
24,24,24,24,24,pinky_close
24,24,24,24,24,pinky_close
24,24,24,24,24,pinky_close
24,24,24,24,24,pinky_close
24,26,26,26,26,pinky_close
26,26,26,26,26,pinky_close
26,26,26,26,26,pinky_close
26,26,26,26,26,pinky_close
26,26,26,28,28,pinky_close
28,28,26,26,26,pinky_close
26,26,26,26,26,pinky_close
26,26,28,28,28,pinky_close
28,28,28,28,28,pinky_close
28,28,28,28,28,pinky_close
28,28,28,28,28,pinky_close
28,28,28,28,28,pinky_close
28,28,28,28,28,pinky_close
28,28,28,28,28,pinky_close
28,28,28,28,28,pinky_close
28,26,26,26,26,pinky_close
28,28,26,26,26,pinky_close
26,26,26,26,26,pinky_close
24,24,24,24,24,pinky_close
24,24,24,24,24,pinky_close
24,24,24,24,24,pinky_close
24,24,24,22,22,pinky_close
22,22,22,22,22,pinky_close
22,22,22,22,22,pinky_close
22,22,22,22,22,pinky_close
22,22,22,22,22,pinky_close
24,24,24,24,24,pinky_close
24,24,24,24,24,pinky_close
24,24,24,24,24,pinky_close
24,24,24,24,24,pinky_close
24,24,24,24,24,pinky_close
24,24,24,24,24,pinky_close
24,24,24,24,24,pinky_close
24,24,24,24,24,pinky_close
24,24,24,24,24,pinky_close
24,24,24,24,24,pinky_close
24,24,24,24,24,pinky_close
24,24,24,24,24,pinky_close
24,24,26,26,26,pinky_close
26,26,26,26,26,pinky_close
26,26,26,26,26,pinky_close
26,26,26,26,26,pinky_close
26,24,24,24,24,pinky_close
24,24,24,24,24,pinky_close
24,24,24,24,24,pinky_close
24,24,24,24,24,pinky_close
24,24,24,24,24,pinky_close
24,26,26,26,26,pinky_close
26,26,26,26,26,pinky_close
26,26,26,26,24,pinky_close
24,24,24,24,24,pinky_close
24,24,24,24,24,pinky_close
24,22,22,22,22,pinky_close
22,22,22,22,22,pinky_close
22,22,22,22,22,pinky_close
22,22,22,22,22,pinky_close
22,22,22,22,22,pinky_close
22,24,24,24,24,pinky_close
24,24,24,24,24,pinky_close
24,24,24,24,24,pinky_close
22,24,24,24,24,pinky_close
24,24,24,24,24,pinky_close
24,24,26,26,26,pinky_close
26,26,26,26,26,pinky_close
26,26,26,26,26,pinky_close
26,26,26,26,26,pinky_close
26,26,26,26,26,pinky_close
26,26,26,26,26,pinky_close
26,26,26,26,26,pinky_close
26,26,26,26,26,pinky_close
26,26,26,26,26,pinky_close
24,24,24,26,26,pinky_close
24,24,24,24,24,pinky_close
24,24,24,24,26,pinky_close
26,26,26,26,26,pinky_close
26,26,26,26,26,pinky_close
28,28,28,28,28,pinky_close
28,28,28,28,30,pinky_close
30,30,30,30,32,pinky_close
32,32,32,30,30,pinky_close
30,30,30,30,30,pinky_close
30,30,30,30,30,pinky_close
30,30,30,28,28,pinky_close
28,28,28,28,28,pinky_close
28,28,28,28,28,pinky_close
28,28,28,28,28,pinky_close
28,28,28,28,28,pinky_close
28,28,28,26,26,pinky_close
26,26,26,26,26,pinky_close
26,26,24,24,24,pinky_close
24,24,24,24,24,pinky_close
26,26,26,26,26,pinky_close
26,26,26,26,26,pinky_close
26,26,26,26,26,pinky_close
26,26,26,26,26,pinky_close
26,26,26,26,26,pinky_close
26,26,26,26,26,pinky_close
26,26,26,26,26,pinky_close
26,26,26,26,24,pinky_close
24,24,24,24,24,pinky_close
24,24,24,24,24,pinky_close
24,24,24,22,22,pinky_close
22,22,22,22,22,pinky_close
22,22,22,22,22,pinky_close
20,22,20,20,20,pinky_close
20,20,20,20,20,pinky_close
20,20,20,20,20,pinky_close
20,20,20,18,18,pinky_close
18,18,18,18,18,pinky_close
18,18,18,18,18,pinky_close
18,18,18,18,18,pinky_close
18,18,18,18,18,pinky_close
18,18,18,18,20,pinky_close
20,20,20,20,20,pinky_close
20,22,22,22,22,pinky_close
22,22,22,22,22,pinky_close
22,22,22,22,22,pinky_close
22,22,24,24,24,pinky_close
24,24,24,24,24,pinky_close
24,24,24,24,24,pinky_close
24,24,26,26,26,pinky_close
26,26,26,26,26,pinky_close
26,26,24,24,24,pinky_close
24,24,24,24,24,pinky_close
24,24,24,24,24,pinky_close
24,24,24,24,24,pinky_close
24,24,24,24,24,pinky_close
24,24,24,24,24,pinky_close
24,24,24,24,24,pinky_close